project_id,budget_variance,schedule_variance,resource_utilization,risk_score,team_size,project_duration,health_status
PROJ_0124,-0.7776367061435239,19.081977883706095,65.84121888508216,4.72788319391703,31,194,At Risk
PROJ_0673,22.487496823039297,23.33177981490407,86.6444900762494,4.56128696849744,24,262,At Risk
PROJ_0478,-10.691206166443614,-3.8672294839617773,83.22111384480567,1.8761676705290604,31,328,Healthy
PROJ_0393,5.465275029152266,23.23804096188138,107.00625230071317,5.206971340660702,9,191,At Risk
PROJ_0253,52.04885287840719,65.510977542522,106.61008524142122,7.255799444708659,12,144,Critical
PROJ_0559,27.00750933784599,29.696540408027033,107.8445351925717,7.522092514963747,32,217,Critical
PROJ_0457,13.816675151819123,19.842270910246736,130.99991208140491,8.826568795236915,25,233,Critical
PROJ_0341,-9.11407038798559,-6.323622306850245,73.46598895322404,2.917121712892955,13,158,Healthy
PROJ_0323,23.57520748839796,22.831140475870214,90.80178269076708,4.193190645372959,48,216,At Risk
PROJ_0880,-0.15623718025076505,-11.585176010364945,91.11188503066863,2.3068075880950767,46,251,Healthy
PROJ_0298,16.84057345903423,-0.024157142035210893,68.82199267083277,5.826251255274953,27,339,At Risk
PROJ_0053,-9.735467308912364,-3.654957727545788,65.06556874843416,1.86308873191025,26,358,Healthy
PROJ_0400,16.507886404104696,46.16474857782162,108.89967727249237,5.150852443573553,16,117,At Risk
PROJ_0619,44.80102129002292,20.245434633158837,128.46209181067832,4.580206901703672,43,55,At Risk
PROJ_0041,-10.332980423614352,29.235002008749916,24.33430026119551,8.85801646276387,7,363,Critical
PROJ_0288,9.893734995837738,38.30359575245933,84.39394343520486,5.806642242438525,43,132,At Risk
PROJ_0397,17.74204841288269,23.03388370705489,108.05509818277781,6.631953368850268,35,279,Critical
PROJ_0900,12.03741413437892,5.793027122478462,83.71393402871546,1.048793994768705,7,286,Healthy
PROJ_0595,4.987199000132979,-19.078959719802924,112.52045736873804,4.433988370170066,31,247,At Risk
PROJ_0394,0.71197691327289,-4.647949958454308,97.80304611610907,1.3750952192977932,18,268,Healthy
PROJ_0505,0.7834219164594892,-3.080739330895636,71.36748391703847,2.173013498163301,32,275,Healthy
PROJ_0638,14.614470881567682,6.609303211116166,87.14226296124122,3.3291943852799832,36,321,Healthy
PROJ_0284,-21.03017313163649,-15.625161784913578,100.69451436548823,7.286378137261625,35,157,At Risk
PROJ_0884,-3.671283856144639,-2.8806426044634614,88.32840080290305,1.017754233686417,44,32,Healthy
PROJ_0301,23.106684325853507,5.563704867823247,52.290708685147386,5.122703559786699,45,92,At Risk
PROJ_0965,-21.907331615543434,62.56084099259162,48.6695873680291,7.316465577138189,49,234,Critical
PROJ_0957,5.8163481841014315,-1.2464768546874316,87.49919076356053,2.068279629677967,16,309,Healthy
PROJ_0602,38.44647513103748,12.468658893395572,108.42700455661102,6.973878905522657,35,111,At Risk
PROJ_0708,12.959941498366385,34.31590524470683,94.89551715582122,6.854791650884245,30,334,Critical
PROJ_0877,22.435248124598793,24.00028261496331,60.834450651368094,5.788702192694365,6,353,At Risk
PROJ_0398,-4.334194203158042,1.1908026624844907,80.29933163587226,2.3507128690055215,43,209,Healthy
PROJ_0089,14.944154085787265,47.396025793842206,90.59696812721175,6.875124114645569,30,247,At Risk
PROJ_0591,7.7403369586235,26.790441676794515,128.51287672652654,7.778144643242414,23,38,Critical
PROJ_0061,25.402588993805246,-19.437583538440325,118.76809672825746,7.346008776257008,22,124,At Risk
PROJ_0669,15.442487151442016,-31.00324137411761,126.29785999827267,4.162101705135301,25,264,At Risk
PROJ_0461,-2.8752296157121187,-1.16422750178722,71.28826163515289,1.6878602014861053,36,129,Healthy
PROJ_0008,-1.010776246328544,28.87821818011306,80.67166762028275,4.807260097010799,44,352,At Risk
PROJ_0545,22.850416221939753,65.49238216323832,128.20294660453072,7.404011841539432,18,283,Critical
PROJ_0498,11.510466340974975,-6.465430638809309,74.0101356794439,3.5378803481912957,6,52,Healthy
PROJ_0741,45.817665762079216,26.494588370820683,58.714630051010204,6.814414878526411,38,45,At Risk
PROJ_0404,37.94788716875742,31.149034846418026,135.75929857610578,7.385878115993634,35,314,Critical
PROJ_0519,-33.915772340260894,16.287463685304097,73.70518418397265,4.391022169318925,34,222,At Risk
PROJ_0416,-2.5381181930296037,-2.6348475089819314,88.02611748005181,2.3907650130311517,47,266,Healthy
PROJ_0558,40.342594503549066,38.45129014121719,148.70430278324244,9.165034372158948,17,64,Critical
PROJ_0171,24.599828982699783,12.41404238335336,27.590272748151612,5.6249178069448655,21,82,At Risk
PROJ_0115,-14.450006245836287,-2.3165494641760884,63.369115342915165,2.4377520366299974,5,166,Healthy
PROJ_0626,12.025458938444055,46.257703339806035,77.89319234193273,7.048878852393992,22,202,At Risk
PROJ_0930,-12.465120080608685,-0.4407976954940328,36.35387790019863,7.137027011532246,26,139,Critical
PROJ_0494,12.209008518929743,9.167078755401038,66.87980593239902,4.9788292082270535,37,270,At Risk
PROJ_0924,6.496232236021846,1.4299757807165456,67.12931917975597,1.3575991840022945,44,31,Healthy
PROJ_0927,-0.5438647405360094,5.268611382241366,88.43264803407303,2.540373300459922,24,178,Healthy
PROJ_0349,-12.994842002727195,18.67851157872611,110.86512535867975,4.932538515015048,45,241,At Risk
PROJ_0563,46.08165833355379,29.20592288250051,50.34197156334507,7.738849888471654,12,36,Critical
PROJ_0752,7.271922797369283,-4.781524018671262,92.27486614908523,1.7123342457030315,23,109,Healthy
PROJ_0931,-1.3661970433352186,-23.780120752000393,82.74188954449524,4.767095159806122,33,93,At Risk
PROJ_0252,36.8363164166735,4.312714466345572,107.04549526954615,7.427780507969898,38,203,Critical
PROJ_0023,46.207028453674404,28.34589130037689,26.698071476070126,9.375895360141651,5,97,Critical
PROJ_0449,16.175352221449902,-23.823955518696145,56.93344491163335,4.610951263858713,33,277,At Risk
PROJ_0954,38.918419429328736,42.4468136785667,132.62456541529642,9.03366793947592,45,350,Critical
PROJ_0534,43.07635466275574,18.423425374867747,84.26836115126312,7.35068299274854,30,210,At Risk
PROJ_0969,24.01093970625736,27.89560576520182,88.82507409791342,4.493628536250928,9,97,At Risk
PROJ_0473,2.6974998321644406,0.5688877203576216,78.36911595687437,3.1464188145848198,34,128,Healthy
PROJ_0700,33.66600380366406,49.66471092428226,127.36156898684462,7.964326157886886,12,355,Critical
PROJ_0547,25.178121787009644,30.26912573543256,108.3885571467131,5.354883777365019,40,187,At Risk
PROJ_0032,-3.1949015888715673,33.65364943073539,131.00169491593388,4.012921536688926,38,160,At Risk
PROJ_0693,-21.36207048710656,49.66501280701002,62.05024882766078,4.5978434876849805,37,184,At Risk
PROJ_0740,-5.149485648316802,10.371910785351341,77.87288905473056,1.6100259314137775,16,271,Healthy
PROJ_0272,-10.585332570962295,0.6918305184567489,63.173660483554876,2.8276544493689446,47,258,Healthy
PROJ_0809,23.04158446297319,14.367253741475041,81.7619322524642,7.060240378470884,26,34,At Risk
PROJ_0114,-0.601494758148768,-8.187589486962255,89.12125694583196,3.5455540263573155,10,61,Healthy
PROJ_0066,36.60221127396555,21.989702562108093,116.16812615388034,7.248874479062011,41,292,Critical
PROJ_0630,-5.171202161964474,-13.919796430055733,90.24952443326643,1.9638138648654513,38,173,Healthy
PROJ_0592,17.05043493359447,20.72884086737163,105.24623402438509,4.056027944718938,28,221,At Risk
PROJ_0358,31.198378453895835,34.092104004367776,23.500450903344976,9.16021315913274,45,76,Critical
PROJ_0607,13.879969568071925,-8.643389566034877,89.01431212308651,5.385815137772806,36,217,At Risk
PROJ_0378,27.43341489812287,33.53231004744809,118.98154512746378,6.5178832552935955,30,208,Critical
PROJ_0262,22.755805503068846,20.656181286198183,39.06257928823458,8.688844152749043,34,231,Critical
PROJ_0878,2.586299045134584,0.8028599039388328,61.28946329109111,3.842681033671801,23,41,Healthy
PROJ_0486,-2.4016890300222435,8.313339261337935,69.65522081381948,2.5200821834466254,31,107,Healthy
PROJ_0554,35.41104435211128,-4.973275261697769,85.62929852711552,5.215832420899632,9,199,At Risk
PROJ_0958,15.263616230194113,26.200525494590007,103.81914167301606,6.944014036675309,21,239,At Risk
PROJ_0332,1.110350604139851,-7.632214006288561,73.64168992644113,2.798348141184638,15,66,Healthy
PROJ_0047,18.806593150108135,-3.1663674202348053,80.82094975149741,1.6061231412101133,34,141,Healthy
PROJ_0796,40.19044466784474,59.70629771876881,107.21098642641175,8.254617807254158,6,150,Critical
PROJ_0110,-4.670789010340389,-5.33944905246892,69.6651588154962,3.7200536719910438,45,261,Healthy
PROJ_0705,-5.598863278397159,-5.038108566467628,71.87202888022273,3.6826531030863174,34,179,Healthy
PROJ_0496,-16.007375503635867,10.746773070323036,65.6814760582036,9.418395490284288,27,48,Critical
PROJ_0893,20.873874799208206,48.79029031834766,115.460947754133,7.425797800618152,11,335,Critical
PROJ_0056,10.51002323944323,-20.005737300214456,90.2814907294316,7.475998454231803,28,178,At Risk
PROJ_0064,15.630300574917712,52.67424150919242,71.20912273266784,5.28851529136864,30,127,At Risk
PROJ_0172,16.039907555442134,17.376620301196283,91.94529562219361,4.147892791060454,14,278,At Risk
PROJ_0337,-6.505956429027164,31.740312038867124,75.41594130633212,4.890993886737787,26,292,At Risk
PROJ_0970,43.37088057980925,22.143450133735346,43.853049275892786,9.270693940549615,26,210,Critical
PROJ_0158,-6.9580239578971295,-15.430681691922844,77.56357985530725,2.5662804978515714,5,202,Healthy
PROJ_0749,11.301512554640247,68.30816769347183,115.77268532156926,6.658463133254335,27,54,At Risk
PROJ_0735,27.97702281852647,-8.07306802095408,91.24204439090028,5.279981971354068,29,352,At Risk
PROJ_0452,46.3258822259054,38.139573659528835,11.122695639831516,6.644402842902072,47,98,Critical
PROJ_0888,27.340409026263508,41.949048353866885,107.61445219704727,9.330218147668774,19,121,Critical
PROJ_0868,12.170208056913236,-10.982947747307096,101.24739858179254,5.875504513915159,24,213,At Risk
PROJ_0635,-3.15417922559839,10.596661577631448,78.01166995939322,1.741185596380297,39,327,Healthy
PROJ_0848,2.842015962551022,5.748393399733924,93.93502995399207,3.228852974617033,27,326,Healthy
PROJ_0335,53.64127605296801,-0.591428276481981,58.95829701640518,7.515461265693619,21,144,Critical
PROJ_0782,39.134289789787516,28.01601078290797,103.54051497769058,7.265872575764432,34,354,Critical
PROJ_0264,49.82426093375301,-31.57369536026053,103.14238286636659,7.8823294798876695,27,91,Critical
PROJ_0942,-4.017638801800749,2.8861411538603825,92.78516758207483,2.3767052179606503,26,174,Healthy
PROJ_0051,44.143815560106574,60.809085594248685,22.95779906173135,9.198963919614641,25,77,Critical
PROJ_0082,-11.612726535880013,-7.11075907701398,86.56924234871337,2.7128365939307892,47,276,Healthy
PROJ_0059,33.26660510417557,50.96458617811203,128.14344791603952,9.051264986605714,46,308,Critical
PROJ_0430,21.63271892724717,39.78398665806549,23.31512880182363,7.714048731900046,41,353,Critical
PROJ_0162,10.67183293272546,19.468405906761497,107.3093988386252,5.314597672995841,41,294,At Risk
PROJ_0583,29.544974523111975,56.93691338846142,128.06327540512956,9.247307887622757,7,97,Critical
PROJ_0802,-9.591297754848279,-11.652457862857876,59.22476746624243,2.7854875258568597,10,221,Healthy
PROJ_0839,30.873660143145134,13.26224443451897,80.33995015062659,4.011015018072684,22,133,At Risk
PROJ_0001,29.063413443819964,37.11769706869546,98.38294681358465,8.135686697629215,6,176,Critical
PROJ_0915,22.76168441408034,28.30476788277656,111.28591266103815,8.243374564553086,19,340,Critical
PROJ_0981,-0.943904476672881,1.681015751458141,70.11905560808451,2.627955258071186,44,233,Healthy
PROJ_0274,38.03647332344316,35.816803191041224,79.47964803201805,4.521787777409319,9,126,At Risk
PROJ_0849,-12.06875647239782,-0.37791105264084,90.35607978338926,1.6527302861864026,8,317,Healthy
PROJ_0792,1.4552906055949797,8.183353724428793,82.1648132220919,3.7459232270515157,39,94,Healthy
PROJ_0681,11.236570396116367,-0.058520119038354634,110.05342457757152,5.260787549133443,46,299,At Risk
PROJ_0207,-2.6072264056554166,-2.0430082766735898,83.28610161544921,4.121359940755424,40,101,At Risk
PROJ_0243,5.237470494997918,24.118659487412188,28.70357677661756,9.047753795186836,41,128,Critical
PROJ_0768,28.93267984179107,28.341721305106038,112.2028301975387,4.020482149138906,42,36,At Risk
PROJ_0568,15.944895814056773,-15.283919859419548,87.17521664915704,1.258383132339814,11,333,Healthy
PROJ_0084,38.05746592083985,-19.683160661402905,120.38610659327028,5.851423451582337,47,204,At Risk
PROJ_0164,19.709184509978655,25.203459593684208,98.49993147074743,7.265902361558636,43,169,Critical
PROJ_0960,-0.4123481463113861,-10.80159105964057,89.62817032402349,3.738963781608977,17,129,Healthy
PROJ_0388,21.209260170965337,-11.82441477356829,113.58474633478514,8.904370467995989,37,150,Critical
PROJ_0198,1.3398198380356459,-15.638620904978096,66.31405304572962,2.577564244672082,36,151,Healthy
PROJ_0213,42.73320922199639,34.51123596485721,104.15773910557131,7.481589699196173,44,155,Critical
PROJ_0319,24.822414063850818,20.418042084879207,104.83110569522012,6.253840240360405,29,51,At Risk
PROJ_0611,38.83546199704233,51.13486181625732,104.8333988450584,5.089429789363887,35,275,At Risk
PROJ_0275,7.016704409263621,1.4853721114591465,88.64323277532387,1.9783701720348277,36,168,Healthy
PROJ_0013,24.900240309375015,39.17612763830091,56.87127187737718,6.683883991970472,31,93,Critical
PROJ_0526,33.74476416648339,42.56139828506784,61.54658668160742,6.601576329271754,46,139,Critical
PROJ_0257,-6.593363070090512,-1.9218448831801729,70.80713386805311,3.473454936069287,18,88,Healthy
PROJ_0123,3.7184226166898817,-7.23464172216199,80.07804768064813,3.4716970896316712,17,319,Healthy
PROJ_0842,-50.0,43.54286174157083,34.05961635424729,7.681520282645944,11,79,Critical
PROJ_0500,16.276720530125708,-6.638370752268084,121.69072728967213,4.473218630086799,44,49,At Risk
PROJ_0497,-11.232683413122496,-5.163458444329497,93.08686346819309,1.1370300564941656,40,138,Healthy
PROJ_0072,-5.619296559059169,21.89161988731973,79.01282962429364,2.97060851388332,13,329,Healthy
PROJ_0239,32.47639775862411,10.620373720401394,113.81206884211957,7.086742298895278,14,346,Critical
PROJ_0751,-1.7515091725632612,16.569924741917955,81.7633992900288,4.428928510382154,12,121,At Risk
PROJ_0556,22.507937956791935,9.088355188341493,67.75558633838597,5.577988369676737,39,194,At Risk
PROJ_0544,24.08489308358598,20.74417393411272,121.22139804919486,9.332323072319038,17,360,Critical
PROJ_0350,29.42275446469021,-5.0986912337687995,6.708649512771281,7.663023527124419,17,204,Critical
PROJ_0242,61.12111658641499,31.960593911129287,65.50793379182687,9.185936336109101,27,57,Critical
PROJ_0887,18.0685254227799,12.9991854168,108.77786087148466,7.103732930916729,44,53,At Risk
PROJ_0002,9.878531619524757,-0.7712612461014554,65.62971293161698,3.7791469914154616,37,140,Healthy
PROJ_0678,31.934603169483676,21.093015780122926,108.03293200163453,8.1790622412315,14,66,Critical
PROJ_0952,-4.614683729396811,-3.37539361735648,76.84228582748177,2.789415527667711,46,49,Healthy
PROJ_0321,8.022204355203742,-7.593785859415503,79.33543793661576,3.30494184886215,10,213,Healthy
PROJ_0138,11.895777663897514,39.548974337353854,98.70705596073851,5.361827674553368,37,137,At Risk
PROJ_0156,-31.90538467876395,25.799930542198766,93.58075635229295,5.916048234343242,36,353,At Risk
PROJ_0621,-25.969908889039147,-9.951708526755658,75.48361430201815,6.616808639954176,47,218,At Risk
PROJ_0010,10.986864249310248,22.610656371170467,96.92992560470307,4.754238543966608,29,299,At Risk
PROJ_0726,-1.451982265259818,-4.216035666086982,89.98842435598633,3.2234807994221164,18,81,Healthy
PROJ_0827,4.316910596560943,-4.083846495011594,60.80701889696842,3.7321698381806847,15,136,Healthy
PROJ_0450,23.38298521348667,30.892824037560054,103.56027786937518,8.304553385746734,42,215,Critical
PROJ_0431,6.383472445866609,29.44735133289231,59.11838269286309,6.890487963387281,5,49,Critical
PROJ_0844,-5.465838906508588,-15.54151183562081,76.4812108316336,1.8672885605767218,21,159,Healthy
PROJ_0947,31.30700175277292,24.39785981436649,24.001747975473496,7.118316377337201,46,87,Critical
PROJ_0471,4.405165365824343,-1.5144665375163626,63.303426075930204,2.8578922346840514,32,96,Healthy
PROJ_0415,7.071862319098359,-3.9206848513536525,78.68716787085432,2.251548900229282,38,362,Healthy
PROJ_0475,7.050829698464513,-4.49899601455285,81.95854679118014,1.8660471528388307,40,240,Healthy
PROJ_0455,-2.6139788768689036,-0.3421200790919371,72.4402996256828,2.973023943398409,26,208,Healthy
PROJ_0453,2.2685888591194097,-15.717194995460988,64.81698862991799,2.289254161317092,29,134,Healthy
PROJ_0313,30.770447489404503,47.621986087682956,38.94577464083574,7.16969088337529,27,285,Critical
PROJ_0811,-1.241652941289542,0.7783116702147055,90.96851384028298,1.1799886746758743,38,234,Healthy
PROJ_0548,54.165183316131255,34.77868232672678,107.75732553991685,8.846899083012,26,165,Critical
PROJ_0269,4.691367186977116,47.39764398039311,133.93426346394932,8.799350609143703,49,357,Critical
PROJ_0862,-11.533565311158178,35.55520262273077,92.88273594984658,6.977811634212216,21,113,Critical
PROJ_0663,25.771045035360295,27.115683605460582,104.37592192815642,5.531378241367589,40,220,At Risk
PROJ_0038,25.894899602998215,14.128166996881681,80.71786481634341,4.653448177085586,11,229,At Risk
PROJ_0050,15.452602936665059,22.62796077886434,128.2819589637487,7.460701117514011,22,316,Critical
PROJ_0771,33.76796853819252,66.09561888580308,121.91523545749364,6.936645695555798,13,68,Critical
PROJ_0776,3.853135438412626,26.560929709567606,92.40739800971177,4.765027133789833,11,197,At Risk
PROJ_0175,21.03903152922549,26.723242913948557,137.73187872975788,9.2748587559411,22,275,Critical
PROJ_0195,15.085245050209965,5.325964672034237,82.05185275135298,3.284092467873298,49,48,Healthy
PROJ_0246,42.077925642721596,9.32618390137671,80.28271603245696,6.615255307117772,27,250,At Risk
PROJ_0821,-33.99443385057405,31.678830019096353,105.61942785534072,5.5475657716974665,22,103,At Risk
PROJ_0890,22.778278546011336,24.890955697964635,48.66028768783895,5.328449265264191,36,92,At Risk
PROJ_0411,-9.715235986760996,39.12454630931893,129.53975042090946,8.621850860631039,38,358,Critical
PROJ_0863,22.975567986794154,-8.984187905378501,69.74116948832034,7.182120093634289,42,199,At Risk
PROJ_0170,13.80144108520058,7.885925587498686,67.668499029309,3.257592936448681,6,134,Healthy
PROJ_0070,-17.764384694780198,5.811055382960583,83.88017208570963,5.157000156536548,27,171,At Risk
PROJ_0766,-9.704373004474595,5.357925672849397,62.37587325461325,1.621910139276824,8,274,Healthy
PROJ_0867,-4.6970152846100435,8.030227679148695,95.73161197054704,1.3844751478833746,41,191,Healthy
PROJ_0871,-6.3941720131024065,-6.479914776546407,80.55067753244813,2.743395602711053,35,138,Healthy
PROJ_0922,2.1002645972957046,2.109759016657511,80.19105044393385,5.829114676284385,33,358,At Risk
PROJ_0578,-5.701222444740265,0.4365885229776277,85.15452777025568,1.9554186599252499,16,283,Healthy
PROJ_0828,8.102953505179686,-2.9869618122064687,85.35446464142508,3.6443382834321074,34,145,Healthy
PROJ_0420,-14.017095865784173,-0.9775670541714813,74.44531537897544,3.024642348561226,27,135,Healthy
PROJ_0078,-20.566124706696606,13.09800693490287,96.76131030544738,8.296673897982723,16,352,Critical
PROJ_0468,41.68248802393428,26.372780307751427,117.94604669506198,6.942332908588727,11,120,Critical
PROJ_0116,57.4849753965174,50.003695323271245,34.091909464122644,7.506939965681745,13,178,Critical
PROJ_0956,19.344707840559593,16.100890671798897,106.25493478025676,7.474049329738916,15,96,At Risk
PROJ_0464,-8.602979403186517,22.505803444247682,104.88597251517174,4.112284509471342,43,48,At Risk
PROJ_0979,1.9461742263281825,-10.2407896322274,75.61859411022812,2.784400036672814,16,201,Healthy
PROJ_0820,30.557083339518975,17.683577039407343,129.71118325300296,7.009341991083989,5,38,At Risk
PROJ_0618,20.0294883083864,29.20543226991767,118.86960791648418,7.2993252188523545,17,120,At Risk
PROJ_0747,45.27035953112772,16.27373053803994,94.91676960884375,4.974181990741661,26,246,At Risk
PROJ_0004,4.07587326259491,28.829754045029894,112.18019358416633,4.522479017856759,17,153,At Risk
PROJ_0174,42.512091142264616,20.9692587733975,113.95687285164706,5.019787339848415,43,269,At Risk
PROJ_0334,33.28158822480492,35.596057288221104,138.59493652015283,8.844665807204324,30,170,Critical
PROJ_0353,-2.109064410822833,37.42327972778433,52.94765326943112,6.188366571274961,34,315,At Risk
PROJ_0804,0.7611801621173537,27.5691655469213,83.49499584930402,5.244068264914057,44,269,At Risk
PROJ_0060,3.8024020564352883,6.543937420381591,76.79573452468718,3.3955522048835074,21,292,Healthy
PROJ_0191,14.89866295529783,5.231952589035949,90.28488916582306,6.1157878616980526,36,99,At Risk
PROJ_0897,4.757244665822715,50.562046399705416,144.28174729288193,8.70670990550875,19,243,Critical
PROJ_0841,-10.467039592078876,-3.482350744172332,90.76012373770058,2.7868833140486347,22,43,Healthy
PROJ_0805,-0.5945938862040354,23.89891006781312,117.41852370802542,6.938846076533821,28,97,At Risk
PROJ_0861,15.477600198341047,42.19374317221471,85.3519495528573,5.972628889699173,15,104,At Risk
PROJ_0433,19.764287127875,15.871137355159503,88.95835788208052,4.248394094798179,28,230,At Risk
PROJ_0532,15.832487290607471,-46.26331319272927,68.97176116941694,6.408146207069482,43,316,At Risk
PROJ_0044,27.277660259753606,-32.228266149107476,58.330472006374166,6.231809196616404,38,220,At Risk
PROJ_0698,3.1431674071508118,-2.5303920455332376,88.17195744624168,3.585280585857066,30,46,Healthy
PROJ_0423,-50.0,29.684686793821786,30.215266700158672,9.45899280444659,19,148,Critical
PROJ_0343,47.5244887009093,85.88714050810131,44.715343658910314,8.067652077232635,5,281,Critical
PROJ_0048,6.0751979746205675,-18.21148464698952,77.75246781829871,1.0322955601357733,34,117,Healthy
PROJ_0540,57.57337636488446,29.854513849103846,137.71589275083818,7.679968205325964,28,84,Critical
PROJ_0282,11.826182997217394,-2.539649581087305,109.65702110643372,5.962286846666965,43,230,At Risk
PROJ_0370,-6.902050147164619,2.8657861493736854,72.49737503260926,2.5200361461460803,45,347,Healthy
PROJ_0966,11.704066814374732,20.94694378062978,71.89033293958117,4.033718999846656,7,170,At Risk
PROJ_0310,53.27808655923215,76.36823561294888,30.934307583448167,7.7524428792473365,46,257,Critical
PROJ_0719,0.06724054792727999,-13.028924196747916,54.66712032810283,2.9102142096148644,5,138,Healthy
PROJ_0658,34.92936791495852,14.337012069953564,94.0668912165999,5.338497760410911,10,148,At Risk
PROJ_0081,17.412933983749614,41.635646558792374,89.61368090772692,4.552022440498088,24,353,At Risk
PROJ_0946,19.717100178207613,-9.449344772106684,84.4694668659763,4.913278654343032,31,274,At Risk
PROJ_0211,-18.24267836908411,41.99587691130478,112.67810211253442,4.601527364678519,23,93,At Risk
PROJ_0407,3.3049191659430694,3.984118977079968,77.59222041619644,2.9269019500192046,20,359,Healthy
PROJ_0664,8.091854502213229,6.959538646247218,66.24875436310192,1.9067878986147389,16,345,Healthy
PROJ_0161,-6.714794070845612,27.083212825037617,121.36566241187134,8.710865119711396,24,184,Critical
PROJ_0130,39.055985406663424,61.379100229560905,64.9457140626867,6.794298547437232,28,305,Critical
PROJ_0155,16.49281977934796,13.893451573922755,96.30061195860472,6.395805714465648,15,353,At Risk
PROJ_0150,4.874746486830522,8.486626946688183,105.39969121454541,4.08057870182791,11,332,At Risk
PROJ_0281,-23.08024275008862,34.36228629458027,53.83796359194591,7.0481072150636,5,82,Critical
PROJ_0986,-7.4921030296174,1.9604697163362639,72.68294727715434,1.8262654487274872,36,136,Healthy
PROJ_0593,-8.471789686370322,0.2421596239549052,75.54284708077564,2.0624365272614704,15,298,Healthy
PROJ_0514,12.577860634840132,34.026907996308296,144.9563514012581,5.308646692921512,25,199,At Risk
PROJ_0555,40.688394966653384,34.28495305941263,29.300857084264848,6.5719125904614,38,262,Critical
PROJ_0529,18.46154716849694,23.92782136995475,79.0640555919513,4.190350855131109,40,286,At Risk
PROJ_0506,-17.530735075944513,28.800691951878942,92.14693673575866,7.177742104397021,20,36,At Risk
PROJ_0517,-38.51498090215212,31.83886358947334,92.13999200231137,8.670380299611683,19,104,Critical
PROJ_0466,24.525990696538027,54.07115107601365,36.32152675402776,6.668325845064482,19,73,Critical
PROJ_0876,7.3136492907798525,-16.18368452350525,81.1941997531888,2.476153228248305,15,58,Healthy
PROJ_0560,24.050086099801717,22.880067235860626,121.29670641316062,6.673572867274032,30,249,Critical
PROJ_0460,28.676949003403614,48.20337672381478,95.44646289815756,4.996459416249354,15,126,At Risk
PROJ_0512,24.281488402214112,31.11433861762344,25.55966378817829,7.663441897319039,43,137,Critical
PROJ_0022,5.934023939230505,-2.0858452420161644,68.66091246133689,1.4197706772231249,36,327,Healthy
PROJ_0574,2.2986933101015263,6.112806507700578,58.87042333125922,2.167517013981983,31,108,Healthy
PROJ_0326,41.12027176749008,-4.079669657020134,41.65805237445443,6.81122834444273,49,148,Critical
PROJ_0260,29.321591911079327,40.27808544620186,75.647323004355,4.732724410420727,38,227,At Risk
PROJ_0351,-9.092760711677741,11.616430540691272,121.49635496715665,4.074911738568963,25,165,At Risk
PROJ_0683,33.85475868706059,54.04275031712732,120.612255790952,6.630065360880513,14,227,Critical
PROJ_0707,-13.660454868101716,10.047640949922148,80.26619480260993,1.2289599023839317,40,129,Healthy
PROJ_0289,3.0641622698904745,52.915926315460425,55.64030459673373,7.372285703065629,22,260,At Risk
PROJ_0067,-9.762456761818587,0.8621596289202899,81.48335361000133,1.9675395357402277,6,143,Healthy
PROJ_0730,-29.75521376581806,20.20160626708852,28.821144516765315,7.913082948443192,46,144,Critical
PROJ_0770,1.4207992927194706,23.931184541310408,104.40058382794139,8.477813694344109,44,292,Critical
PROJ_0141,19.039972064041873,14.944954388823755,103.98644451862314,5.760325300620206,27,168,At Risk
PROJ_0142,46.60456234850999,24.297432921158375,150.0,7.207860997825902,9,330,Critical
PROJ_0837,14.772927049631459,-11.075249936916208,89.82180464527877,7.038621578619495,11,342,At Risk
PROJ_0765,6.4514756845926255,-3.3675140583223704,77.09587672170409,2.370453529721234,49,337,Healthy
PROJ_0033,-9.878897994205163,14.822910876508182,74.56711585800899,3.2636466093490752,29,269,Healthy
PROJ_0202,22.079369678806014,13.296169031545057,77.66537287041518,6.103265055437513,27,103,At Risk
PROJ_0701,-16.616028618825126,22.402826499055884,64.6882562797386,4.176647746463914,10,138,At Risk
PROJ_0955,-5.753838969002638,3.777750350495717,82.94912684057292,3.2458598880770015,46,61,Healthy
PROJ_0485,42.06955779363899,26.93018427666827,39.72102816217418,8.804949940133518,44,98,Critical
PROJ_0785,37.798724953003216,30.251477997150864,42.719460801845734,7.653156271542517,46,287,Critical
PROJ_0091,2.5609149332618117,15.29549595391695,79.26006334473266,3.3106652003541965,22,182,Healthy
PROJ_0660,7.905547928158328,-9.228575093936337,69.86548102761091,2.870874596356071,35,96,Healthy
PROJ_0259,-9.71483341908152,-4.795231648457612,67.96977821025857,6.726680902727933,37,295,At Risk
PROJ_0299,-7.710542813701978,1.3200066184003856,86.81802610880628,1.640930588225861,12,119,Healthy
PROJ_0609,23.605257735579723,34.758606879060515,33.10518904570161,6.561504282876825,13,115,Critical
PROJ_0769,33.429505606824605,29.69012268860599,147.82390652668138,9.066716939885097,24,198,Critical
PROJ_0080,11.187601551124365,0.8664533362717921,97.55019991951762,6.499772820032061,24,42,At Risk
PROJ_0819,24.62813357111957,19.76066024944501,97.73854215204324,6.9462518296923355,16,191,At Risk
PROJ_0581,20.669806400472712,17.865171423341256,115.37777249393613,6.5396257366072525,44,188,At Risk
PROJ_0697,-2.474918871232213,25.03889917709789,55.67246994874467,6.55536566545471,46,162,At Risk
PROJ_0760,2.7188264612283883,-21.752548533913313,100.5558973671063,1.8731508569663085,36,352,Healthy
PROJ_0063,18.7544299070889,20.731319159730035,113.94626593353043,8.308771419877155,8,142,Critical
PROJ_0308,-1.8987754888905932,6.651096945732047,74.70510707662272,3.3381008478642142,38,105,Healthy
PROJ_0391,30.54654784793712,-10.281616223831803,44.41108345561596,5.500795279106833,34,288,At Risk
PROJ_0743,44.130302624267514,32.73236874746448,137.66015591747117,7.347983290943857,29,238,Critical
PROJ_0703,-10.412898123664085,-5.498087382870935,76.64293621216203,3.0353370694490884,8,206,Healthy
PROJ_0561,50.39496696379703,-19.725831570641976,133.52378852221926,9.282128444797733,7,107,Critical
PROJ_0913,-19.48165886379059,13.767391392696467,82.377950646119,5.291500002849593,35,70,At Risk
PROJ_0381,-1.967240496867342,0.38763198374695157,135.79002532701878,7.219783261768159,11,253,Critical
PROJ_0905,21.900615883014027,13.294335554853014,55.26655204756987,6.6382422837753365,14,214,At Risk
PROJ_0503,23.220785723728003,0.907682478793464,84.5388663124267,2.1700430783818776,49,300,Healthy
PROJ_0380,-7.956757520815336,-2.884817697622398,91.66303858135123,2.567405055899876,10,113,Healthy
PROJ_0232,7.941278085814812,4.633411342235157,93.96695366889222,2.574720780630764,43,194,Healthy
PROJ_0920,2.879670688814173,7.1706640736378695,67.99106199579164,2.4242532559304424,11,291,Healthy
PROJ_0962,-6.200159646830695,52.11336919465879,54.99875921514215,6.399381945864576,10,361,At Risk
PROJ_0992,-19.815222335607267,-10.961672705884162,61.98130502315107,7.66040486973823,23,126,Critical
PROJ_0428,6.699539769653492,31.686983712212864,82.90792309317933,7.04921082129724,12,362,At Risk
PROJ_0441,1.906550576471883,-2.0557944760882165,83.82146858534176,1.405319659553454,10,82,Healthy
PROJ_0908,-11.139512285186889,-1.1142094678871128,86.52082344056522,3.893375438123635,25,107,Healthy
PROJ_0444,4.439222345122036,-5.297547747355691,73.25281892781884,3.1291239197822223,42,255,Healthy
PROJ_0542,13.402755994360932,66.23380977858065,81.57031493941462,5.152505765716904,8,33,At Risk
PROJ_0531,44.99605556530486,35.8620025105438,118.62639099963152,6.831613517792177,46,282,Critical
PROJ_0144,-7.511317491179001,13.678817215422852,77.53834553079464,2.4302784438300016,17,173,Healthy
PROJ_0655,-5.337598344375512,7.569431387468988,83.93192324595063,1.8619252734565976,12,86,Healthy
PROJ_0292,31.039365565439045,50.86937257091356,48.33238690188213,8.856824944267975,31,316,Critical
PROJ_0613,20.941089649274584,24.694867508848667,122.17690479798051,8.690732873587056,41,71,Critical
PROJ_0256,-17.82513027060816,34.75066573860405,90.68924224669233,4.672508365744107,15,169,At Risk
PROJ_0160,14.899093968537812,33.75628292509993,74.41426096639246,5.5087576804685074,17,205,At Risk
PROJ_0148,-9.600339714495611,3.440582637001015,89.77828219252913,1.0262060696338264,15,262,Healthy
PROJ_0221,10.765867804427348,26.47294978036386,86.29423988254956,6.211143819678336,37,216,At Risk
PROJ_0173,-19.758542932941435,52.8018958270984,119.62526978352324,9.293989118781559,16,216,Critical
PROJ_0302,20.853409510617617,-2.4394119857322245,34.25264154821352,9.230779705458982,43,154,Critical
PROJ_0208,-5.7531836697783465,-2.478817318832007,85.96228644951617,3.4149262879524054,13,163,Healthy
PROJ_0372,21.222660720804566,48.0854522856734,28.530796722884578,8.927722126964168,46,260,Critical
PROJ_0355,-1.232264402490022,-10.748035608720826,122.17001090496201,8.25409673428159,42,59,Critical
PROJ_0088,7.300345021119657,-4.509712315777632,74.35208618566494,2.960169126790064,31,32,Healthy
PROJ_0354,44.53766380492655,47.88799197278787,100.73292458475451,8.158174334122634,44,173,Critical
PROJ_0852,2.3562971287156533,-3.9792350358567345,73.7739174621833,2.5985451208749915,47,238,Healthy
PROJ_0409,25.939815959655512,55.920511864171004,38.23787656674598,7.813381262512633,48,291,Critical
PROJ_0109,24.715112321657244,33.62937049715605,74.92911311893029,4.172641543948626,13,304,At Risk
PROJ_0632,10.230119099481287,-24.17182341557485,124.31467925208776,4.870338555834779,34,122,At Risk
PROJ_0052,-5.1495524358471085,-0.015713299495753345,67.86969333082973,1.6864848646772277,22,150,Healthy
PROJ_0989,13.432102279932007,-4.371049845482111,107.86793581550583,2.969211124878518,34,304,Healthy
PROJ_0118,15.547269792776873,-1.8949974396082754,71.28406806471511,2.9987738609260814,34,157,Healthy
PROJ_0112,-0.15566010424885632,5.4367547184876,82.28767184860477,2.1869529270779813,46,173,Healthy
PROJ_0533,-15.900376507708168,3.221955083781207,87.96225789698906,7.119360457909412,30,97,At Risk
PROJ_0209,1.708336244248532,-2.2928226261025952,79.79107416052643,2.129620162523885,27,84,Healthy
PROJ_0153,18.497951594273466,-15.905199318152928,73.1395048261177,4.814329194431996,21,119,At Risk
PROJ_0677,24.597004226730014,-4.49691684126767,74.71236405688092,5.90017607104142,28,65,At Risk
PROJ_0330,15.539056698375472,-8.547683662874492,102.10884767138111,4.7156713968870765,32,135,At Risk
PROJ_0215,35.468950426168846,51.20821504951615,133.44371882364408,9.081861316370999,34,31,Critical
PROJ_0019,-15.36450769251233,35.33467185202608,119.99573855215021,7.041492148275303,16,303,At Risk
PROJ_0190,55.107518570651564,47.20696645914927,95.03741572943522,7.725429255516203,6,83,Critical
PROJ_0717,38.105879430848915,-3.0910160704404537,102.80648968054567,4.025289071339946,5,164,At Risk
PROJ_0425,-4.033952961684078,-3.215932099265998,88.95794601786086,3.461525568526966,31,208,Healthy
PROJ_0241,6.335818524125379,34.16713519439353,74.9993424454363,4.307734041981302,23,350,At Risk
PROJ_0273,33.35327705117464,-18.51463532702038,58.50940437275061,9.170414556406435,16,298,Critical
PROJ_0482,2.131573190836894,11.19830883735743,90.78049477735254,1.4101869981698272,42,333,Healthy
PROJ_0401,10.695892218783678,12.041932694104737,90.99902586535967,5.561115779678625,41,91,At Risk
PROJ_0101,-9.405566017061739,7.937197237705882,78.68971720523675,2.5165399179530143,14,159,Healthy
PROJ_0490,-11.892241706514524,-6.452757805978894,81.7805131850609,5.949653325172802,29,111,At Risk
PROJ_0204,12.427388316088745,-11.845995593870192,85.49555005769164,6.56981097079134,45,333,At Risk
PROJ_0357,-10.686522706837781,1.3172872212533195,91.37871665236355,1.0297376765134991,6,155,Healthy
PROJ_0686,6.673562566754919,8.899781893910502,76.81322629324036,2.9289183218441748,8,266,Healthy
PROJ_0788,24.910167932708127,38.7273044358706,50.90906953841639,6.9481024312413115,49,68,Critical
PROJ_0605,24.639594862526977,2.8680044127906066,70.20854245210643,6.692490361329114,8,200,Critical
PROJ_0615,3.9665327885774295,17.863101825557848,81.6000398914185,2.5447401850500944,18,328,Healthy
PROJ_0054,-0.6934830536696996,75.44139480904201,32.18092026200692,9.271020181152485,40,282,Critical
PROJ_0589,31.126521442997756,32.27520752007835,137.4796237409749,6.867910367318284,35,212,Critical
PROJ_0974,12.39551425883178,-45.47352587568009,105.46349988753107,6.298393053900165,43,246,At Risk
PROJ_0390,2.2085553530880606,-3.812404139663072,70.02483280795566,1.2860856254557076,40,268,Healthy
PROJ_0576,-11.496406285629488,-0.3782544693738688,93.27280553775464,2.627347148983678,10,248,Healthy
PROJ_0278,5.565547148865991,-4.824479903360013,92.44997859156116,3.668790063519655,49,224,Healthy
PROJ_0484,1.662970295086509,-8.888144646253368,91.46890392099326,3.7980878145362973,42,62,Healthy
PROJ_0237,23.672145813613334,15.49613099579675,94.54739841949097,5.77186302878443,14,188,At Risk
PROJ_0383,42.193675275252154,13.592200604542144,97.59729762728935,5.778542538155859,6,358,At Risk
PROJ_0510,30.00060890247032,46.55479190251063,120.32541394851273,7.4980806651366585,6,133,Critical
PROJ_0227,2.230103270913334,25.261435592577193,101.54313410129592,6.728272935294083,45,273,Critical
PROJ_0020,12.355558413245038,-10.508488083219792,57.94759156622187,1.950829949435237,34,186,Healthy
PROJ_0193,22.28237333303882,43.23686067929514,39.054085557274014,6.634761131289636,22,221,Critical
PROJ_0073,9.957033584908604,-34.56836857727378,98.56838782782822,5.0441174048399215,48,294,At Risk
PROJ_0799,17.08293549066447,-0.42765752509973093,130.1219494504975,6.708774153649805,39,364,Critical
PROJ_0889,42.69236635653848,-3.8291527471828406,89.15304299848768,5.494001032491754,32,169,At Risk
PROJ_0261,-7.675468991674256,-7.27830995245695,85.10040959476306,2.269741787247785,19,155,Healthy
PROJ_0784,15.714221682918907,10.110083343843622,125.0742235669479,7.148262329927107,8,205,Critical
PROJ_0728,27.95120284076026,-13.595703394180452,113.86705367088128,6.944127979554068,19,217,At Risk
PROJ_0168,17.555732598414963,15.061218353923788,78.04888592314994,5.9922959222880685,9,74,At Risk
PROJ_0937,22.283485065939658,21.239373834615378,118.03105728992789,6.708663881933253,14,334,At Risk
PROJ_0183,15.183542437252648,17.193213076152517,121.01985756346144,7.471500348128725,28,301,At Risk
PROJ_0865,7.724074587265428,-4.411140071398173,94.03818196493059,3.219513044559106,25,264,Healthy
PROJ_0666,35.96262312718935,40.673128377071464,119.410398850782,7.762783755296648,17,278,Critical
PROJ_0495,1.1725821206902554,10.20468390891077,81.80486369362555,1.8231828355454762,8,268,Healthy
PROJ_0916,-10.117734783135642,5.131509791947209,70.2085652110243,3.196865644922487,47,162,Healthy
PROJ_0133,-1.6739422856031996,8.75099825367416,85.7877446693001,3.917484921667882,15,280,Healthy
PROJ_0440,15.02581431083663,36.3001046556562,65.3132987416049,5.3931606641071115,40,185,At Risk
PROJ_0594,-22.0597299400889,33.718414379657844,33.625446920938316,7.112280612143942,47,161,Critical
PROJ_0896,15.761023587199626,-23.93604856135634,93.1265991131711,7.019530951474566,12,41,At Risk
PROJ_0402,8.69407824263107,-5.550153547062422,108.06800697179835,1.108383586642283,12,249,Healthy
PROJ_0135,-11.100957066235082,11.691366681175307,105.0866454276619,7.436537149209084,11,178,Critical
PROJ_0692,18.478820339958755,13.91332342972094,63.470601067397816,5.071450944067056,6,109,At Risk
PROJ_0481,-20.198076664620935,45.732978076222,57.052736072052525,7.9785373685533365,36,166,Critical
PROJ_0754,44.36334913218048,21.687899670290193,110.87986920795038,5.20903338024719,6,238,At Risk
PROJ_0039,-14.149772414850169,-1.1044793775093693,88.93559903264176,2.6855571865472423,42,350,Healthy
PROJ_0271,11.791759520107156,22.024872217146623,82.49938633591105,4.024649147127588,14,189,At Risk
PROJ_0830,-12.488948425916112,3.7485996819188467,75.59948655630119,1.1096136594723607,13,132,Healthy
PROJ_0925,6.186089970200539,0.4600367654430332,79.70156197566776,2.1098383700928878,29,187,Healthy
PROJ_0727,-12.9642388292686,22.16623824916768,69.52165260375902,7.15920650032327,5,282,At Risk
PROJ_0488,3.8337896851299726,-2.4198459195406765,71.25029412195067,1.51681814181645,24,357,Healthy
PROJ_0361,1.827241222769195,-12.375447899690064,87.00655590536437,1.5687550507883259,49,128,Healthy
PROJ_0147,-13.833700912666242,28.982527372637936,113.4027106426847,5.779413456993238,33,191,At Risk
PROJ_0344,55.345086483896594,77.62167828913975,49.83093469682058,9.174681095819569,5,244,Critical
PROJ_0610,14.569782962875758,-3.2972268625331482,77.46175617823285,1.7504666699518414,29,92,Healthy
PROJ_0270,-13.8790487871747,23.864068582974987,46.034074684639634,9.451458569235854,40,49,Critical
PROJ_0424,-7.391418694957264,5.136774370921265,66.90472644571815,2.387568663462129,17,159,Healthy
PROJ_0234,10.227590550432609,17.817328799821954,76.98629080297995,4.796465799244522,43,255,At Risk
PROJ_0336,43.365857109038885,-29.979588204232098,94.75814523230528,7.4545678112993405,17,222,At Risk
PROJ_0829,-19.30153923655385,15.855980643198674,76.48966302412698,6.573016206537702,19,130,At Risk
PROJ_0439,-29.071687503161584,25.53480755359167,29.119608164172675,8.621793562277022,44,243,Critical
PROJ_0575,24.433097362962023,21.638845943426233,120.98515256411359,9.077955896436606,23,334,Critical
PROJ_0588,14.146990037256177,42.11186778603607,71.04356958220468,6.123788272185086,13,353,At Risk
PROJ_0477,23.480381865611953,38.43189972780101,134.73794747157035,8.580540757561513,43,232,Critical
PROJ_0536,-6.970666885303289,-8.01383918741649,83.92892432251354,3.5853495675753555,49,30,Healthy
PROJ_0597,28.46320169048071,23.619668158485577,34.77777889638219,7.866458216105836,19,340,Critical
PROJ_0279,2.0723632613617413,1.2922785201916809,98.24365545351063,3.9270997584166603,49,65,Healthy
PROJ_0759,23.247910530188744,-10.334786972447215,64.5654164930064,3.765790328161437,35,185,Healthy
PROJ_0659,9.054574664461883,-7.174014497641297,73.90381326438798,2.413691646363583,6,226,Healthy
PROJ_0352,31.275625017771013,23.40661285644768,99.07803085896373,7.061469444142652,6,252,Critical
PROJ_0923,-5.75113443037396,-4.7612787607375235,87.55141661915931,1.1399271376163547,32,46,Healthy
PROJ_0689,3.9208880060223468,25.046116722686975,94.64261797681469,7.179714383587179,38,330,At Risk
PROJ_0254,-15.59380359759282,-6.252059697121478,104.78966300536072,4.278499841972564,14,52,At Risk
PROJ_0879,-4.682373646941316,-12.894515584046008,93.61424568261106,6.367885699114099,5,301,At Risk
PROJ_0718,-4.003084019315474,35.10193323845696,78.43627210091795,4.404675590783851,23,239,At Risk
PROJ_0249,22.66782744467614,54.55053098722993,96.47226009892658,5.248562839415385,19,362,At Risk
PROJ_0964,25.364497416316972,16.436587277251288,79.70451104390054,5.482215643804766,27,140,At Risk
PROJ_0620,29.109576582285854,20.288158327629848,63.920721604930705,7.259998056816862,5,275,At Risk
PROJ_0199,-14.276276082224966,34.96286194919307,68.92942094763987,5.835292440323203,13,192,At Risk
PROJ_0569,31.607478864999774,35.00588361654215,33.79024402756902,8.071357189830012,45,164,Critical
PROJ_0982,1.9759330710992036,10.67959422474833,67.78427875837644,3.402389002874952,17,238,Healthy
PROJ_0729,35.319351585555964,23.007597263454837,106.40382883571505,7.895047160379274,37,297,Critical
PROJ_0037,26.421995530775224,39.38882214673606,115.91556432326328,6.351778878599623,29,54,At Risk
PROJ_0134,10.70184756178121,20.52880549428519,88.87225803857015,5.20549005596068,20,126,At Risk
PROJ_0285,19.527566196253314,-5.93058332283334,78.17074020425343,4.706700297130702,30,54,At Risk
PROJ_0695,-24.248274128400432,-26.442236075083734,127.01830942026047,7.2643509051381505,8,171,Critical
PROJ_0807,1.9380319896516573,36.20331151370969,141.2247756439806,7.398267087384819,26,96,Critical
PROJ_0604,-11.994266465563387,-24.082607247390506,92.33199023922681,4.926375004346881,47,321,At Risk
PROJ_0438,-4.999088937825944,-0.06345621593548832,86.98459066229869,2.6910586716873497,30,71,Healthy
PROJ_0690,12.527625420834223,3.9782210915294445,88.18439239632943,3.9016809214580963,36,113,Healthy
PROJ_0166,33.965861998236726,23.163948260559515,36.12662705534531,9.278958698566417,5,310,Critical
PROJ_0410,41.005999860314304,-9.178729111075151,142.08993512312017,7.719746501365034,28,41,Critical
PROJ_0307,47.20961481981681,52.031805036313145,100.96014413815467,7.349302147858228,40,88,Critical
PROJ_0412,12.697253730565969,50.69853458325025,72.85337636522999,5.925287557971961,34,226,At Risk
PROJ_0853,-22.429032922958623,46.802403400975535,81.18668597544763,8.762103726928444,17,354,Critical
PROJ_0521,-7.982872673302766,46.2594151544233,120.42277387229662,6.159297793301086,11,352,At Risk
PROJ_0779,-1.3583863494683595,-0.37503180986412926,83.3889019611649,1.9287502956026445,26,151,Healthy
PROJ_0069,31.672132786314506,-50.0,33.859416319474214,7.073211758378339,31,307,Critical
PROJ_0640,22.946813174116922,-21.597882685876733,126.9069182142857,6.622243679692242,16,111,Critical
PROJ_0079,-18.348370580825396,38.93065283791158,111.52603307437313,4.164751850069223,11,189,At Risk
PROJ_0286,19.69943364762044,-8.87214779989883,99.08506118938253,6.808527957807536,49,35,At Risk
PROJ_0656,-4.0167004243775475,-10.5868112387648,89.99309887361377,3.8550062400138048,38,106,Healthy
PROJ_0840,-8.156275764668154,-2.3241623863451144,79.36740177871798,2.1964166059620345,44,323,Healthy
PROJ_0377,3.660005730884147,-4.1938845589864915,76.63218173953938,1.966233018569085,13,343,Healthy
PROJ_0290,4.540746316208443,-4.864727282386071,60.32183680120203,2.1871038064836705,29,39,Healthy
PROJ_0200,16.619260330739955,12.171502293485052,95.28339768029359,5.969868642997862,15,38,At Risk
PROJ_0899,22.999090434348158,-11.17658705076149,104.17855318138501,7.1024432895282645,18,328,Critical
PROJ_0696,-16.136854221869374,3.70421774181663,88.97757050644172,4.16172392949012,48,332,At Risk
PROJ_0442,5.202526055202166,-8.90251697542176,73.94944023660608,3.645742115069373,31,349,Healthy
PROJ_0980,22.3246212473654,10.115727442283946,30.2335990390956,9.090932645895517,42,121,Critical
PROJ_0012,9.093333219819248,4.57643370048369,80.32019770273398,1.986830312171522,30,276,Healthy
PROJ_0105,12.86437104425451,-13.692555145160552,95.76847591577194,3.065145390028489,36,156,Healthy
PROJ_0046,-3.420570239955581,6.9473813170965215,78.14135802554931,2.6656971480025904,21,92,Healthy
PROJ_0049,-13.407200888003702,64.3864825138649,118.9726167627575,4.290798563292456,38,167,At Risk
PROJ_0093,7.549052007144399,9.867478648315625,71.05657240479647,1.6046756639928907,8,344,Healthy
PROJ_0177,42.885665929746814,24.875912684367027,83.02888979647047,9.378463731793987,49,160,Critical
PROJ_0535,32.51201033973676,14.002090872219624,90.20730450438053,7.323134682840745,9,73,At Risk
PROJ_0408,20.03477313656478,11.879663249530077,73.42805375165642,5.093270593792108,13,142,At Risk
PROJ_0151,23.504045489865877,-37.211324541557836,130.10973042093343,6.596420135933696,30,192,Critical
PROJ_0265,42.82921983954072,24.397541832169992,116.37482071629128,6.870272651741915,6,299,Critical
PROJ_0881,8.529963307262335,3.606752981725747,66.75857723785954,3.58625796871349,17,314,Healthy
PROJ_0113,-1.2474221946193385,-11.396648012579124,77.65443791466775,1.8210150372962048,46,91,Healthy
PROJ_0928,23.65043822359638,23.174444226044358,35.76504182382001,6.715383866652075,16,170,Critical
PROJ_0108,2.548779807432333,14.811728407488458,117.50277262350592,6.072135598351373,45,301,At Risk
PROJ_0165,-40.53490743403552,15.432822723797516,47.6005031713647,7.609865432632779,9,177,Critical
PROJ_0491,28.116083187798356,45.38478157315363,134.97370038900996,6.990263081029106,20,70,At Risk
PROJ_0386,-15.599629688997375,18.848680379707464,62.880762717297316,7.088010435713892,36,168,At Risk
PROJ_0296,22.639510932186802,57.10197231864398,47.14987064222085,8.069566641085999,38,134,Critical
PROJ_0305,35.4507935801859,20.02039626137558,115.51912819930779,5.7683784742596,42,350,At Risk
PROJ_0525,5.368096384645524,31.887613646250756,99.9258101713157,6.022391319470833,10,122,At Risk
PROJ_0375,9.339004844334639,24.54346982260767,12.937932977990915,6.788160003823428,27,232,Critical
PROJ_0413,-4.970946506455768,11.004025878673554,72.77601540134152,2.4261073160919526,19,300,Healthy
PROJ_0736,4.721804356240758,7.086301066821384,74.80489160486691,2.410191846718344,45,216,Healthy
PROJ_0327,-2.382015143900256,-6.418616237381566,68.014531198874,2.57206191640337,22,32,Healthy
PROJ_0100,0.9317314835802001,4.159344045513605,92.55552622106498,2.7471756074160134,7,223,Healthy
PROJ_0704,4.30927498380976,-12.30375528988905,73.49479649147224,2.205281841381049,39,186,Healthy
PROJ_0203,22.339114226928125,-1.2104596412381927,136.9376257164277,7.9358300938483115,26,285,Critical
PROJ_0520,29.406035238655296,12.367524747796665,95.15279057294794,4.324087146477017,21,322,At Risk
PROJ_0622,2.630647729361869,6.556294940675195,68.11435955206836,2.224102273505565,22,151,Healthy
PROJ_0668,27.96153610121185,-18.826523983219733,81.46430936952444,4.403966923072694,34,117,At Risk
PROJ_0573,-6.871293987413493,3.8357126068642966,86.57056262498506,1.3610093395880933,38,278,Healthy
PROJ_0255,3.843995722439264,-5.886962665017575,78.55243748355483,1.999277649576403,7,243,Healthy
PROJ_0247,-13.863184086410099,5.930265144504207,75.87998362178797,6.8380490166243435,46,62,Critical
PROJ_0099,39.30742965690787,17.116580819163797,71.94890015057705,6.177797927872547,28,143,At Risk
PROJ_0427,16.264241645694202,-50.0,66.64984206092133,4.469264776760229,48,176,At Risk
PROJ_0988,19.95164622703752,17.083573796860314,97.43131963584894,6.717245837260982,29,93,At Risk
PROJ_0406,16.075242024818632,15.529035193093094,93.33765925865701,5.159218855055794,35,174,At Risk
PROJ_0036,-3.7177653824255144,-1.3464744605923433,79.75557678383163,2.565719009626193,27,224,Healthy
PROJ_0360,24.785110561772505,73.77322957287626,131.99304620228946,9.007246495544848,46,279,Critical
PROJ_0780,27.161690854794944,-10.79756949609267,134.70077469034297,5.290721332412596,49,294,At Risk
PROJ_0763,14.126092473212099,29.06980007344351,41.51090525929093,7.466217388304049,18,84,At Risk
PROJ_0240,24.14813899309702,-1.0653889033403383,40.18330311359076,8.452760430457776,22,164,Critical
PROJ_0977,12.948086628005928,-25.462906273218966,23.603058998301737,8.384492668174213,24,171,Critical
PROJ_0463,-4.923113492438674,4.580336954367003,91.33552007794381,1.5700704762000188,19,350,Healthy
PROJ_0623,-3.0689585074379058,28.826734702591992,85.78571515663776,5.501672941898088,11,91,At Risk
PROJ_0984,8.822074743392536,-2.2192265590853952,86.65781326709354,1.8812114385576086,41,161,Healthy
PROJ_0731,-6.846687667413594,13.966009880406983,98.8540796235149,5.54233695544691,47,71,At Risk
PROJ_0945,22.727598593968885,42.827628798950535,121.06282122147303,8.463142824733168,7,261,Critical
PROJ_0777,-5.320794007250494,-4.561443373998264,88.32658893266922,1.1974919675920486,15,346,Healthy
PROJ_0384,17.942033063590657,26.612023281536946,60.674495517351225,5.353226221967969,39,105,At Risk
PROJ_0550,-2.2827633007857946,18.87236561519544,94.62332314268698,7.2753702088179155,12,238,At Risk
PROJ_0870,36.37676533585298,42.263426813950474,131.7356174177185,7.673168866701892,47,256,Critical
PROJ_0733,2.2285672862026096,-0.743133740132999,85.6363203953403,2.6373369228535006,47,221,Healthy
PROJ_0340,7.830423056845566,-18.50695621137327,87.58335059484821,5.888144357962725,36,295,At Risk
PROJ_0189,39.98578605494717,5.8935527568352715,39.07000014271604,7.587994134339907,6,192,Critical
PROJ_0904,-11.356649778177413,28.90323664981472,70.69217487247937,5.29813564452302,21,53,At Risk
PROJ_0469,33.90512937402329,-26.803223496506117,5.493702883043575,7.025983302365973,33,63,Critical
PROJ_0389,64.65254174007492,22.285320226100513,124.7730628746022,7.432333191986208,34,339,Critical
PROJ_0489,37.1970504975123,56.44039276703783,37.63791121255294,7.385481332987762,6,276,Critical
PROJ_0472,-2.0567413702961317,10.545203353593081,87.16565580840528,5.619897900700196,19,258,At Risk
PROJ_0679,27.49010532379281,24.22739962358054,149.73549052041858,9.134812955720449,44,56,Critical
PROJ_0009,7.192087843873568,25.669623570657638,95.00144905469129,6.912687202419782,38,264,At Risk
PROJ_0537,11.557946918184605,16.16855039114772,102.56814421238349,4.4409144057216094,22,273,At Risk
PROJ_0180,22.56113060107814,-24.194994138399345,131.32461938640253,7.005559480198074,6,251,Critical
PROJ_0783,31.338189894104204,30.985543122152638,30.970482352712295,8.8619389545351,20,56,Critical
PROJ_0546,58.22829275051281,59.047935039191515,18.176062155259164,9.444560249805376,16,43,Critical
PROJ_0725,33.749295587896185,25.728253217299688,134.846873350851,8.829108207269542,26,364,Critical
PROJ_0882,6.277596419642824,-3.3755688846714498,81.21075503833141,3.610936338558581,10,208,Healthy
PROJ_0694,8.342358915720052,11.27332116461674,103.3901887455093,1.975586614855128,17,273,Healthy
PROJ_0092,-18.123339806843695,-14.526921790739458,60.619959271184555,7.3125309181740175,48,276,At Risk
PROJ_0513,27.439168326455913,30.652645966617705,41.42762848112352,8.382577787113407,18,234,Critical
PROJ_0797,3.809937353554858,36.60215828397107,96.89116926260607,4.393525085454341,33,287,At Risk
PROJ_0745,3.467495421563641,7.781019688328378,73.30707878413168,2.185569612948787,43,85,Healthy
PROJ_0493,5.361571812224495,18.726347242384133,96.55596603110982,5.75320835177125,7,205,At Risk
PROJ_0810,-14.92418730876304,8.505548315185331,87.26227041163342,3.7918431427277275,43,123,Healthy
PROJ_0843,-21.35742081871924,-0.8025285666724717,96.35377417907866,6.363279684121586,33,306,At Risk
PROJ_0800,-10.247780682546331,45.237906331310086,43.46055786555142,9.036932542169954,16,276,Critical
PROJ_0538,38.213397705677515,23.584451499636714,122.08399147428597,9.4501407661928,25,104,Critical
PROJ_0154,4.33819108198303,-4.129882739008987,66.51768168997931,1.8707403701414518,23,40,Healthy
PROJ_0126,19.045144133764424,26.15638506923651,22.75851489218333,7.976707193214617,22,288,Critical
PROJ_0953,-5.090452640448325,45.49590304621442,35.41726461299882,7.46720190382033,32,315,Critical
PROJ_0157,22.328620868495676,-4.001694141201238,100.55187005758815,5.510372736548162,17,236,At Risk
PROJ_0074,7.427572886254478,4.26534272382994,69.2190916863955,1.5655894911084074,41,314,Healthy
PROJ_0034,18.91596791232788,-21.915494849318307,125.78570886198465,5.925053070071866,45,159,At Risk
PROJ_0579,7.853316566551249,17.71688176538102,52.93085131533466,1.501156972717073,46,41,Healthy
PROJ_0122,20.565382749524073,14.964937320118423,75.348146732713,6.659177041184703,29,223,At Risk
PROJ_0446,55.398362270427334,40.1143576013194,42.41458588091443,7.039390315401861,14,128,Critical
PROJ_0507,0.8746056534819576,5.293242004035808,87.81493505723458,3.3153097838311547,44,236,Healthy
PROJ_0320,-0.12848192074364978,-4.460582394909511,79.59202167792048,1.2746207132303122,8,165,Healthy
PROJ_0369,20.19843942145436,2.3617139732143264,85.37902738953116,6.178177645168759,31,312,At Risk
PROJ_0645,0.15312346225972573,-14.849305404516539,79.17235311487819,1.5137187717142453,20,52,Healthy
PROJ_0201,1.2064883944125089,-8.227083033150267,96.38798296217928,2.6509469973160593,33,128,Healthy
PROJ_0854,-3.8504297830422263,-3.9055074184350005,74.19695612989426,2.8662372686417292,12,88,Healthy
PROJ_0205,52.21895409772231,70.79579707553921,133.88091809767528,8.09677141747451,8,271,Critical
PROJ_0934,-6.050412602723421,18.214955666666253,85.45970223019357,2.8271181611594587,7,82,Healthy
PROJ_0971,29.702610641176214,32.23738752470636,54.715872402804855,6.084025180847158,43,336,At Risk
PROJ_0914,12.01976209823895,30.708388256544048,107.23903536366723,5.5087591399677365,47,100,At Risk
PROJ_0324,3.7149510863495414,21.24428667393376,94.49025951820497,6.988052413293568,30,37,At Risk
PROJ_0968,1.8974933754979315,15.13858464553789,108.39907328512587,5.140540245331082,15,275,At Risk
PROJ_0919,25.66758821190061,-1.7789234189516836,86.66567221259257,7.247212187986644,45,135,At Risk
PROJ_0392,-34.50154566567398,14.643235015692472,102.58939165934245,5.766890271798356,8,305,At Risk
PROJ_0504,2.5302781176976006,8.705523731689519,79.58406584539874,1.1318410450654106,42,283,Healthy
PROJ_0120,30.332493220995357,0.2722162719729992,113.0197886089511,9.149295601229293,28,226,Critical
PROJ_0833,-2.271599273486976,14.138245324528949,77.83525305553158,6.123276555872701,47,60,At Risk
PROJ_0793,-7.208593290075185,26.245735614074654,83.40733602206106,5.695856953683165,42,282,At Risk
PROJ_0541,-0.9495722798176572,8.539987309493172,79.2105206291203,3.727625864236514,46,197,Healthy
PROJ_0845,18.110988118503833,25.83521284026859,104.61814207282295,5.317254928708886,8,45,At Risk
PROJ_0624,5.482091562196206,-8.98880886769003,81.61711841729414,1.4826668243694665,5,344,Healthy
PROJ_0083,17.740637620747265,-6.5144671105677245,65.22694284655404,5.864512098320827,12,127,At Risk
PROJ_0222,-14.492975625619422,21.275845982074397,122.30760946329607,7.403559128496425,11,335,At Risk
PROJ_0598,30.23213991097841,25.758985787211554,17.96379633031591,8.770311668605402,29,263,Critical
PROJ_0612,-13.134418131368921,7.385156971432553,86.85179615258038,2.5923504890896636,31,195,Healthy
PROJ_0250,50.27375471121232,-11.194814156401028,128.54296459253,8.438283069401662,11,239,Critical
PROJ_0031,-10.881551580917911,-0.004716526534233508,65.88343666761845,2.3374178599464788,41,39,Healthy
PROJ_0163,5.4394742144369,25.27021502101265,122.94615011975337,8.353382075700882,26,216,Critical
PROJ_0646,13.954905394425074,-4.191599013056661,83.61412621859257,4.161996418435507,30,201,At Risk
PROJ_0329,-1.6480986858780262,-7.828460918099065,95.32102455108975,2.244352627960757,38,333,Healthy
PROJ_0218,0.42317453043149134,1.6849330443383512,87.31067437955271,2.3066362475511273,24,284,Healthy
PROJ_0680,-5.5476578962998255,-2.534034277751651,71.8799782011328,1.1295777253767312,22,63,Healthy
PROJ_0107,47.409755991654414,21.27270209902007,79.17769305900092,5.100727316134298,32,354,At Risk
PROJ_0651,6.399316816518136,1.2715437484842695,102.06851845214051,6.297964893964098,37,215,At Risk
PROJ_0230,-11.086188807373473,28.329797306044448,107.2465956233562,5.334515896372959,24,70,At Risk
PROJ_0095,21.308692386426678,15.421388966521022,115.65167942926493,6.078113248908443,41,269,At Risk
PROJ_0096,11.709461032077927,28.856616833122494,42.3121508552271,4.479125633124485,48,87,At Risk
PROJ_0714,43.853522856717454,14.393327390697626,124.23170679232351,9.058206913785277,34,105,Critical
PROJ_0293,16.052207886969505,23.22917616668153,96.93026446670731,6.201920147438565,27,315,At Risk
PROJ_0011,23.760392404632455,6.053587183762341,61.307793851068396,6.333984473559841,9,116,At Risk
PROJ_0359,24.13758755932572,30.655038566303716,83.78474883558201,7.115689947268094,12,91,At Risk
PROJ_0639,-7.425021433266905,18.971272867655408,113.32345388631077,6.440643414161375,43,218,At Risk
PROJ_0976,21.222802611433345,9.969144526636363,77.90595846468071,1.1577577997870243,9,43,Healthy
PROJ_0587,35.05794741460585,-35.72640460654335,41.51119709252607,7.4068791837326335,37,161,Critical
PROJ_0379,25.64932527394648,-2.6945078917370155,72.79180489739187,5.014724192590007,23,351,At Risk
PROJ_0035,17.13255627374843,36.623080856656486,70.68482397171827,7.086310554333632,33,235,At Risk
PROJ_0303,-30.389743633834374,18.21102125758787,70.71228648992692,7.416500344594393,19,139,At Risk
PROJ_0429,25.848444340131316,15.76180485618554,89.1790490735567,6.6224741798219195,37,221,At Risk
PROJ_0661,13.86750861348968,12.457629265026647,99.11849893132486,4.954683977147056,25,87,At Risk
PROJ_0949,0.2699927616048678,-1.2800023247746817,98.9593670582313,1.2163774173727693,16,324,Healthy
PROJ_0794,24.999350804176018,-1.3485801923510004,90.48552583381272,4.179433922207737,44,165,At Risk
PROJ_0616,-0.7663724485798622,7.607782484724239,43.809317962757525,7.821697728119799,20,272,Critical
PROJ_0229,43.082428000846704,-8.953808216730895,134.67509017387206,6.739767126688967,21,264,Critical
PROJ_0287,27.7987110963157,33.31310699995943,97.09362517646679,6.238159557703039,12,165,At Risk
PROJ_0106,12.801160633791772,32.59967240041591,95.0132203019785,7.258981303417803,7,163,At Risk
PROJ_0996,36.97775991802561,32.51454774174583,51.76837209536023,7.089850124062355,39,199,Critical
PROJ_0987,-12.78208793439873,4.055700453174546,71.73843787305934,2.1732537474297784,10,254,Healthy
PROJ_0838,-3.4836031651566968,-11.300916244700947,82.12274701147595,1.6460919789509865,48,109,Healthy
PROJ_0685,10.302742589032853,5.8460766475615635,68.75518279292864,1.5326156211549198,7,282,Healthy
PROJ_0891,1.5325253722110448,16.128531382167402,76.41009318256094,2.8725594215174115,45,163,Healthy
PROJ_0814,19.29603043143888,7.126555596552658,128.01811318477962,4.584003421603062,9,262,At Risk
PROJ_0629,29.543779164870045,45.88903190941874,104.71862777600683,4.310822997504208,33,118,At Risk
PROJ_0005,25.901374536213442,-9.971422916089754,86.43312220248657,4.470234599464728,38,249,At Risk
PROJ_0859,0.7858864245224604,1.791594609233435,97.74301077229656,2.5919188783323293,21,111,Healthy
PROJ_0617,17.44535298029379,-7.217656957141563,88.04719022684642,1.7093774302743994,38,189,Healthy
PROJ_0058,34.79436145977609,36.87796772521263,47.38618156839992,6.882453320290633,14,149,Critical
PROJ_0474,37.09319802250435,36.43332979376623,88.5813195707859,7.5699973675245555,36,89,Critical
PROJ_0552,-7.430047650022195,-23.47293518296388,77.20686272222154,5.788855592916446,43,317,At Risk
PROJ_0902,-4.361754899943989,-8.870587046830822,76.98750310427216,2.6351857235916585,49,207,Healthy
PROJ_0387,26.14041014060265,21.301189276292448,125.25368466821575,6.867486439577766,39,178,At Risk
PROJ_0328,23.60102044678431,37.12703611458421,93.07534651582752,5.824880724592912,36,283,At Risk
PROJ_0179,-12.080995094120254,-3.877003122734793,93.89100290450881,2.2132090341077495,49,107,Healthy
PROJ_0823,24.839657425447665,47.82828469689205,129.85601829252468,9.219587468844153,42,31,Critical
PROJ_0608,62.69644590250205,37.166144838374606,7.375360551014062,7.662669577039325,19,326,Critical
PROJ_0238,0.3535884331008461,-4.238230608000576,84.06441179973434,3.8946611383145076,29,245,Healthy
PROJ_0090,4.992226567603028,-6.336172947931156,86.83049223811193,2.9227758300880344,12,347,Healthy
PROJ_0801,-9.734275465763574,9.528637249107781,70.1458331052062,2.598651370535798,16,67,Healthy
PROJ_0933,22.258194340135383,38.92163508190516,100.7451942508709,6.635382060502677,24,300,Critical
PROJ_0912,-4.120076584325549,-3.1654485199960174,77.68868077800118,2.58423786580562,31,259,Healthy
PROJ_0806,13.807510068522594,17.425728968190693,77.9931093270504,7.050453453769439,45,330,At Risk
PROJ_0978,7.312661858898057,-9.013558346341945,121.9794354985856,4.942946167032209,12,70,At Risk
PROJ_0709,13.890635149308707,26.80093761477417,126.68419379241966,7.139673775616654,6,215,Critical
PROJ_0744,2.603629616890876,-7.90673749029086,94.35362862624729,3.540385841647883,38,354,Healthy
PROJ_0363,34.228449734578454,43.92357623530121,44.63625167509456,8.60002059308893,8,330,Critical
PROJ_0577,50.72247771903393,83.27899621830815,26.809332404933453,8.652141897854182,49,296,Critical
PROJ_0291,39.00404735415137,4.3074616662762,112.4227052904863,8.992001150522613,23,323,Critical
PROJ_0318,-18.201905708738813,18.931068036793484,87.59958970051703,7.353839125534599,27,235,At Risk
PROJ_0522,7.286456555662342,-17.887987675473518,75.49717254035362,2.260983070289149,48,348,Healthy
PROJ_0467,-15.74360801103511,27.245074819334313,71.68362749413964,5.745655422833238,49,275,At Risk
PROJ_0268,-2.4553329803089947,-5.9014662710491805,91.03963900220896,2.444689754109759,39,36,Healthy
PROJ_0395,13.909456006742946,30.980324723391703,82.19852955712958,4.5000081416574425,5,361,At Risk
PROJ_0570,1.4884015779707953,0.10810824899255457,80.12271401862864,1.307533755394102,13,101,Healthy
PROJ_0028,20.930968858472767,21.03032234604541,85.66174012438904,6.581123163532483,6,120,At Risk
PROJ_0767,40.22420739626361,47.47413066671481,19.9059790841895,6.782039677109785,47,111,Critical
PROJ_0470,10.237187748935648,-6.331301574922463,89.22456203277291,1.0267951770069899,35,255,Healthy
PROJ_0405,-3.5495701775178143,-9.684900471372666,52.96940551539234,3.829535423680102,46,357,Healthy
PROJ_0030,32.72174578275167,38.8417554423787,63.730616220151255,7.957684341527928,16,204,Critical
PROJ_0959,-0.830714752194149,16.38893891530596,88.21660462526359,5.328122319000892,35,133,At Risk
PROJ_0895,9.338394114689544,1.2627265392208102,71.81745770574118,1.6407843330656697,20,46,Healthy
PROJ_0562,-1.9883086170656374,5.172077195717858,83.98980407621731,1.7491405163236853,47,297,Healthy
PROJ_0169,-3.945426521059478,-0.974787279197625,74.27727444067321,2.4194726012779753,43,331,Healthy
PROJ_0419,-0.0792547468299336,41.86243215273677,48.769499317775896,6.5291029643499225,9,236,Critical
PROJ_0515,12.444181732851114,41.16722159370032,81.1170488284884,6.007261164332286,18,276,At Risk
PROJ_0219,0.07532226109401481,13.574950215859085,82.3677688779073,3.549563355183592,27,69,Healthy
PROJ_0421,19.981298866456722,21.44165709696007,125.56445961216448,8.846495250385905,27,115,Critical
PROJ_0311,7.605585952209573,6.526228432185649,54.52447552814087,6.063559739305482,20,223,At Risk
PROJ_0967,0.5091652932971114,1.4683600271342114,101.85902064384254,3.6130774774268457,41,237,Healthy
PROJ_0356,-4.678700912314207,8.98202804034122,102.11254247863742,6.219820407609981,41,217,At Risk
PROJ_0338,37.90030685357958,50.108205772930035,20.47946116996107,8.825115817798972,47,62,Critical
PROJ_0654,-6.690885644118024,0.4720209308043876,69.6995196254478,1.4355492559935772,13,310,Healthy
PROJ_0364,21.372034626607938,46.98613032359762,34.10435364840255,8.348007775314965,24,287,Critical
PROJ_0832,10.666117798180487,17.96847812922595,85.11552361050418,6.204246465253297,35,295,At Risk
PROJ_0647,-6.212303313648452,52.09310137348489,92.99212078481311,4.908546050586173,22,185,At Risk
PROJ_0306,26.21845736731065,54.576710324833385,114.57640238006248,8.378570858635435,6,316,Critical
PROJ_0492,-9.487549093334998,4.330630613206574,71.53533560080609,3.797159090053073,5,305,Healthy
PROJ_0300,36.194795530709285,9.745685347297124,67.58109460762553,5.977198513733413,19,301,At Risk
PROJ_0748,31.813837673523704,44.78715021006156,33.43125480391297,7.121592498689969,26,234,Critical
PROJ_0746,-9.880396177739199,6.192224042099963,90.37385316580894,2.380921795894574,31,246,Healthy
PROJ_0637,-22.805942280294246,38.879469850512336,108.67182399061176,8.799758573172426,21,220,Critical
PROJ_0571,26.097500222587072,-25.819897988722236,102.36875899517756,6.575619604180679,44,253,Critical
PROJ_0549,-4.551685539058866,-1.0130898717981187,71.02843432128503,3.1788346668525174,18,57,Healthy
PROJ_0373,22.719106878023247,-13.151698790646499,119.3273535731805,7.267933299911358,6,237,Critical
PROJ_0294,-12.480366212585452,-6.726184654729719,79.72521738876343,3.1858338948643308,8,288,Healthy
PROJ_0125,6.199198751272586,0.904427110996741,82.73594886157969,3.0414921375102506,11,74,Healthy
PROJ_0518,-20.742298685487434,47.68549150359694,63.238461914397725,6.285584307735055,47,234,At Risk
PROJ_0040,15.666685721670813,-10.768859666584842,113.56518626012308,7.495032722833603,35,150,At Risk
PROJ_0417,-0.2399919787912846,7.5061727045464215,75.81205775226015,1.6038509355473254,12,274,Healthy
PROJ_0813,7.855154863316689,15.781751910781825,76.05233379623894,3.869258216996399,41,295,Healthy
PROJ_0055,-8.647400226320503,0.15501516737277185,72.90197893693838,3.229699329817755,43,69,Healthy
PROJ_0909,-32.98780657482848,-35.44725875979097,114.6708764986442,6.793643998792741,10,268,Critical
PROJ_0786,32.11640238502419,39.85988838332575,21.103891113122838,9.23384575192944,9,283,Critical
PROJ_0181,67.2623662182985,9.48862451950998,124.144891955063,7.737937811831514,9,70,Critical
PROJ_0715,32.06934108993724,45.031161169458485,33.99502454674811,8.598985068194214,14,52,Critical
PROJ_0325,3.263759564459305,-11.961571625296433,81.52741878977632,2.4279121118276263,25,348,Healthy
PROJ_0077,1.343058143212812,53.661706627507705,102.90819260701858,7.661772186635867,27,265,Critical
PROJ_0995,18.90774331844231,42.56143794061164,100.08480554520962,6.690003968505598,42,349,At Risk
PROJ_0178,-13.712386054793052,-8.778254725887127,89.46984957306205,2.9074543415432372,21,31,Healthy
PROJ_0094,4.908062786794648,-3.1044360804631705,74.57140454915843,1.400993401316395,49,286,Healthy
PROJ_0456,14.164853127720336,4.281219968830493,91.93889454075769,2.9535346686434387,9,277,Healthy
PROJ_0903,32.44317378800111,2.225358517143711,95.80013103055991,7.0826817777661075,37,266,At Risk
PROJ_0396,-10.542336264361978,19.71881256684405,66.15768532865147,6.095003677071354,30,109,At Risk
PROJ_0454,-0.11840850555775767,-6.144758214267679,78.94697543051016,2.8766593646040155,35,347,Healthy
PROJ_0267,25.145804854923167,15.411651428260257,65.71193362771817,4.369233884529593,11,232,At Risk
PROJ_0778,-0.7451731866757497,4.359291406475361,110.63719357924109,5.9345760270532395,17,214,At Risk
PROJ_0847,-6.372681515792263,-9.69855820349712,63.51823282276775,3.2758485661338126,47,277,Healthy
PROJ_0127,11.539285131762266,40.88411918361794,67.19268467089093,6.455791199907758,39,183,At Risk
PROJ_0790,-4.847256623888336,38.30460587614476,82.42086946634093,5.3271686695042595,22,207,At Risk
PROJ_0917,-43.203487343740335,-10.77559176561919,89.79986037904855,5.592043741984375,17,363,At Risk
PROJ_0734,0.14625508817683627,-3.203823573906813,84.5735437256979,3.1600455966772962,38,280,Healthy
PROJ_0650,5.85286911542374,-6.115366038340132,92.15100915980886,2.7820444236300066,22,299,Healthy
PROJ_0789,8.254885625270441,49.20044866007004,100.7791319859731,5.061481668989369,44,177,At Risk
PROJ_0671,-32.973231179353206,48.39678035557563,102.61242980417552,6.351145653533694,44,38,At Risk
PROJ_0527,-2.3649401525472467,-1.0079175994383518,72.80162569497747,1.3100678127174143,19,285,Healthy
PROJ_0368,-44.420225387547646,40.51935748409828,30.317851833974224,8.218396153809966,16,159,Critical
PROJ_0676,22.239897351541963,71.50136581359016,17.72525092225298,7.396934097633174,39,142,Critical
PROJ_0152,38.94246784506384,-2.328665576859472,69.45550086155797,8.795804235147376,8,33,Critical
PROJ_0366,53.995645365813765,21.744868480907574,44.458558213459625,8.294454228724916,15,283,Critical
PROJ_0723,24.637726918636186,38.388836696996876,99.91498612018273,8.996583796200948,14,321,Critical
PROJ_0530,-16.050348766869018,44.79362142530822,46.97045140248811,8.044118077941011,32,55,Critical
PROJ_0657,13.816645253200244,27.81697077042077,69.40535596915606,6.652804015307513,48,168,At Risk
PROJ_0263,41.556484408086476,35.64351258590805,27.96173387620531,7.775847028519562,32,237,Critical
PROJ_0043,61.078953947956585,26.678825226637677,45.74571538425587,8.27661648845525,29,269,Critical
PROJ_0938,20.47349994948123,22.80208726419089,0.0,6.5165717987326515,19,127,Critical
PROJ_0649,42.909879389008324,28.763338158051766,101.48665992815083,8.343685389216292,43,257,Critical
PROJ_0233,-12.422540534199936,-3.359020188457152,74.66256356459047,3.5762743253893876,39,218,Healthy
PROJ_0918,33.44533104556015,-20.706490862904264,61.129288437958124,5.7491137332408115,39,263,At Risk
PROJ_0098,-0.12229024425013232,22.114309235730545,69.06357486873446,2.204888230135146,46,361,Healthy
PROJ_0682,37.83684241511362,1.5451575205396453,50.199939874740984,6.830241684425638,45,233,Critical
PROJ_0007,-15.938321023505855,-13.806928631268363,65.60839336634362,4.847856296825377,40,298,At Risk
PROJ_0312,4.5495919766344555,0.3528427011333023,93.94844850185274,1.911750087411623,35,141,Healthy
PROJ_0382,-3.6433486910593835,24.516166803644687,97.80465014549014,7.067626407413725,49,282,Critical
PROJ_0139,-4.599477187276357,17.06933327970308,72.95960517591136,6.860748424116666,40,40,At Risk
PROJ_0737,14.077297625063665,10.544555593001594,84.70524442863888,1.1644373157947714,41,174,Healthy
PROJ_0451,18.26171326804766,24.76223419455374,69.68777115310789,5.761362852819703,30,118,At Risk
PROJ_0399,5.368867763001536,4.525965622048642,85.88788644940634,1.5180518189145475,30,153,Healthy
PROJ_0459,5.862234692313064,19.07675034577047,91.69644036197958,4.372304633381045,27,232,At Risk
PROJ_0781,2.694292582238246,33.06304598161524,25.44905224405067,8.920691144897853,18,293,Critical
PROJ_0104,16.77856479210104,-3.31096841861099,134.69278400309548,7.060734805394272,23,90,At Risk
PROJ_0565,18.764186598256714,-1.0424719157902038,86.19025396369628,6.251589023328455,34,322,At Risk
PROJ_0076,2.1052572324392305,32.96331523384395,72.16053642112567,5.314505022004495,14,218,At Risk
PROJ_0371,-9.92634512515637,21.63315059297776,36.51734682526714,7.771463191059511,24,292,Critical
PROJ_0188,0.35601419802192336,-2.138815504898171,79.23073421443172,2.549330376630247,45,238,Healthy
PROJ_0648,28.241869083753862,48.53786660385303,51.302983454388055,8.018568964599424,6,264,Critical
PROJ_0674,2.4825641696692435,1.6248309321474759,93.3104578615092,3.659763217380007,36,234,Healthy
PROJ_0795,33.11606500651829,-9.074252278392336,106.4078310572809,5.576560962461332,33,71,At Risk
PROJ_0772,-17.60588703168021,28.933545274028226,58.42737218982496,8.243966316353722,47,92,Critical
PROJ_0508,-31.270816857437826,18.282982270317,100.67385445391555,5.483072117263214,14,282,At Risk
PROJ_0926,19.539799490459828,8.710984622943204,76.6029571683164,4.166234664510187,34,32,At Risk
PROJ_0003,11.116863077260033,0.4757434693067499,78.33644372177906,1.269253287329833,37,137,Healthy
PROJ_0236,10.344866118007134,43.12252971716667,81.26796259461918,5.455343576074837,31,111,At Risk
PROJ_0347,-3.417537618659141,7.404028654525499,61.5141815968088,1.9585017748767655,22,324,Healthy
PROJ_0159,19.428827563618018,42.39215600932466,94.06725491075599,4.911325120310227,22,195,At Risk
PROJ_0850,-5.267445311874738,-7.84395769073263,79.29300308509431,1.4489497629726933,13,118,Healthy
PROJ_0511,29.32811623474074,32.74727751778463,122.17814876596667,9.491498184879879,43,250,Critical
PROJ_0143,28.488614390685,30.777126126250046,49.36122975183445,6.693168346704438,12,336,Critical
PROJ_0021,33.11610782330828,57.51270446753828,25.81888580483097,7.335190971171664,46,268,Critical
PROJ_0228,14.031840763051283,37.26580893919387,79.38596319587018,6.775948037319244,18,331,At Risk
PROJ_0883,12.625006847271047,18.62399075083991,90.87029110685492,4.333223953380016,15,211,At Risk
PROJ_0225,15.327861640531609,-11.683632678609163,70.4928239151302,4.246463503139656,45,325,At Risk
PROJ_0894,20.04924921584442,36.60382188776889,45.79043120051085,7.782080527347548,45,109,Critical
PROJ_0580,-1.8769512037646092,26.40236961641878,94.06923633282618,6.980304119054001,20,227,At Risk
PROJ_0625,60.22937679875816,22.774985317768433,26.00942765692195,9.402086690714176,39,341,Critical
PROJ_0596,12.176871456163271,-32.089502949149406,51.03389134783882,6.385566083048187,43,351,At Risk
PROJ_0206,21.2445076556865,-0.16871294744471266,70.00457513090407,4.742744069812647,18,128,At Risk
PROJ_0652,17.809454939312005,-27.477715940304524,111.39396134714261,5.870262740526101,21,273,At Risk
PROJ_0194,10.007298848230233,14.18286542064823,103.1989196771656,6.417293255739063,5,94,At Risk
PROJ_0027,-30.083806411032228,42.387344394990535,39.702575808381894,8.984419035459846,8,66,Critical
PROJ_0614,-5.129521069010675,12.026849277197257,87.89039858507925,2.6317948032529492,15,70,Healthy
PROJ_0119,-2.4665437957153986,5.519356914018432,63.4560374803393,2.108288160394318,32,48,Healthy
PROJ_0210,-12.08457986630316,-11.704904993382064,87.07835581743063,5.565186774653828,34,304,At Risk
PROJ_0994,45.79889512672311,31.739464324106102,57.218773638123274,9.166393372542558,37,135,Critical
PROJ_0599,46.65706076406077,53.41878976954412,113.2797927860809,7.4469874170655785,32,276,Critical
PROJ_0808,2.173936422611478,26.389672200569898,135.34648886657845,4.273402568720307,36,122,At Risk
PROJ_0687,39.591417432962515,4.253709726965134,96.27753053527996,9.157299841699968,27,310,Critical
PROJ_0921,-10.076710750921835,2.993421633083098,71.82784647357855,3.3391882308517182,45,191,Healthy
PROJ_0627,-6.896983729461327,-8.911687455435011,85.74172369190345,3.482910604272865,36,202,Healthy
PROJ_0403,4.170147822981483,0.5989943238512849,63.19073071399868,1.3486685689205165,40,246,Healthy
PROJ_0873,24.36194154093571,-1.6229600819870325,126.40574443758047,4.1276918920746475,11,217,At Risk
PROJ_0184,-3.2758615694496322,-10.111059335868172,76.35461261065726,7.3968218542300015,44,225,At Risk
PROJ_0857,44.50899566073218,46.630140600919376,63.596677057642204,6.606184895579448,13,291,Critical
PROJ_0999,5.941811771742806,26.69841155885289,122.63809228004943,8.018645415068212,10,288,Critical
PROJ_0874,14.78698966224837,11.908137137449787,83.31776234629454,5.113744971953712,5,331,At Risk
PROJ_0426,-15.284033992204161,8.546213432146628,76.20225068483799,3.412844938903507,38,197,Healthy
PROJ_0212,-9.096302539646937,4.68962106809636,106.21312114099595,4.216577159361192,41,210,At Risk
PROJ_0756,-20.969450226578715,18.361808292568753,94.05310629469483,7.121582586393944,30,104,At Risk
PROJ_0029,13.63619026905376,20.195542326053005,106.62862757772497,7.378976460831753,23,289,At Risk
PROJ_0710,24.479790675364974,22.759470509684157,59.708195361605334,7.796489212152736,29,251,Critical
PROJ_0223,16.795027708532473,12.17886840107749,92.77360949227887,6.1177632781399245,41,186,At Risk
PROJ_0732,14.065701053270596,2.434421376668014,69.54366122503883,2.61257602667556,36,117,Healthy
PROJ_0266,-1.1919626796450467,-1.0151580275127987,74.18690160187234,3.2279621250007833,33,250,Healthy
PROJ_0950,21.461552364994663,-3.758708634311399,126.72256513876744,8.601022000167069,40,71,Critical
PROJ_0136,16.27757525671339,-18.098605172427504,107.07864208007715,4.217851567366666,23,183,At Risk
PROJ_0258,43.47176278570657,59.44824378058182,125.91751826082326,7.585255357198105,17,157,Critical
PROJ_0086,-19.255493565215033,13.715097928942841,54.076917967361005,6.744023697019998,9,112,At Risk
PROJ_0851,-5.12284653653226,36.07679828838693,85.32506237951492,5.101558233135101,38,86,At Risk
PROJ_0016,3.742063144335704,6.465861865485828,85.88451955266635,2.827798494720998,21,313,Healthy
PROJ_0803,23.385722326351516,50.41864943012166,25.30747551373839,7.3931483986327935,28,146,Critical
PROJ_0939,-11.778480970738217,-5.687873595508803,81.53504311235011,3.7749414884958448,29,213,Healthy
PROJ_0216,31.42551060168104,-3.607490753459813,52.12644492800491,7.9112608383918674,32,104,Critical
PROJ_0251,-5.8802682654630924,24.4227415079378,55.981564110162616,7.9491052653630865,35,266,Critical
PROJ_0434,26.752459934440402,1.8078199994104724,18.308695361041174,8.111484743111099,44,249,Critical
PROJ_0309,-19.055343418499973,37.49454725958732,112.80624786081826,8.811231345716001,12,305,Critical
PROJ_0643,-2.7202117309890497,29.57302946451886,113.04937225695794,7.673223578097328,29,212,Critical
PROJ_0137,15.602913734908693,23.44694720554196,68.20707181821668,6.579712277944225,33,141,At Risk
PROJ_0798,1.0324414741585715,-5.956663241771068,100.34133098517765,1.2798716446402443,11,200,Healthy
PROJ_0025,3.083970408561289,14.48347514345264,68.57834263071103,2.4777642233220583,10,216,Healthy
PROJ_0448,-20.945417651001563,17.026641375842637,72.32164472450458,4.147262622411789,22,185,At Risk
PROJ_0014,14.081422233356413,-11.699671573238291,98.66484389499894,7.232808656015598,17,287,At Risk
PROJ_0553,0.5368899779536747,-2.3131341394412517,87.9337984063016,3.685374763644038,18,347,Healthy
PROJ_0345,27.519087018882864,62.92035006374068,22.95334876496874,7.588697259545914,46,169,Critical
PROJ_0564,15.575461783616705,-14.035517307329034,94.39301729249338,4.718156322870758,5,219,At Risk
PROJ_0584,1.7398910496338988,18.407593403403148,86.68008271115015,1.9021734142616291,6,63,Healthy
PROJ_0906,-19.47366039388701,18.093676110377707,112.69934445390555,9.251387522829702,25,192,Critical
PROJ_0075,-10.37560226227683,19.37013771310145,97.79506709459152,5.10521724272245,13,50,At Risk
PROJ_0140,-3.9802468949511876,6.765686365835575,97.79327596339131,3.042532921053182,16,30,Healthy
PROJ_0128,-32.684714394581846,29.64938372724111,12.781155985325874,9.167719887683504,37,100,Critical
PROJ_0866,-3.2001347284332264,5.3278083407438,64.83614131759359,3.8824517736367095,38,157,Healthy
PROJ_0385,4.525272169964283,8.071036845005858,64.1287849464958,2.0583100156538845,43,210,Healthy
PROJ_0720,34.93957439112014,-15.947353416594598,36.83472012064367,6.875820847999129,43,210,Critical
PROJ_0961,20.448300720502775,13.328582057644804,84.81936215909707,6.5813747610236675,29,170,At Risk
PROJ_0983,9.492414099444005,52.48951652140079,97.15091849772801,4.301945827070759,7,187,At Risk
PROJ_0566,9.14807705298459,3.6438247467656524,132.61538966156076,7.841940753027925,7,335,Critical
PROJ_0712,10.186824224988433,10.230924081348409,114.72393955972844,4.0231847931537,49,111,At Risk
PROJ_0436,17.32976045269917,34.071153902448316,62.73023398593544,7.3721910750800905,11,46,At Risk
PROJ_0524,14.164816919712557,-0.2712737116243134,81.999348875878,2.5618063947320677,49,129,Healthy
PROJ_0346,-1.2989435878383246,52.57717511711379,81.97874961356483,7.38168580698924,46,338,At Risk
PROJ_0176,-3.3846996455562968,-2.3558459701975676,90.233193262777,2.6482760789866546,28,137,Healthy
PROJ_0103,-1.7663248317012177,18.940318264453094,62.378810674621676,2.039406137795523,49,318,Healthy
PROJ_0414,-9.586807944299713,95.83385232037989,22.275278292691265,8.880270617259761,45,176,Critical
PROJ_0443,13.205456251599582,-7.060972216997367,93.83286455168799,6.135683778508952,48,274,At Risk
PROJ_0376,71.06841371101129,59.49931063467904,73.26020636065027,6.987297418660997,8,231,Critical
PROJ_0641,39.65027696683996,16.365898196019344,130.70552119264985,7.421296477013695,42,36,Critical
PROJ_0935,5.739049478390013,10.974764071271387,84.53931866528946,2.0828114966738496,12,142,Healthy
PROJ_0898,31.04722037369013,-17.431041101216948,111.06871285674886,7.297907467978469,9,313,At Risk
PROJ_0711,27.102673873960253,28.708998439410568,79.00225939947501,5.5458501359423025,44,267,At Risk
PROJ_0322,-2.977939276971353,0.4240768167679172,79.97207818738202,3.703314975532073,19,364,Healthy
PROJ_0585,13.340100079695471,-4.627839971552744,104.10292055539216,8.074684149743607,43,131,Critical
PROJ_0499,10.28155385773392,22.050019652108965,102.44568727284562,4.978613027713272,8,314,At Risk
PROJ_0721,11.330728671134205,-5.181234792389493,84.38653906955274,3.6794828184301203,34,267,Healthy
PROJ_0362,25.32079002376561,31.06415097136783,86.65457635611054,7.441196224306292,27,357,Critical
PROJ_0131,-18.532609841569702,0.040989873696639784,72.19212353306648,2.899210993932577,21,58,Healthy
PROJ_0761,-11.998093219187727,-4.601522126512826,74.3979641703268,2.0949643201311674,36,254,Healthy
PROJ_0476,-2.960843002242854,5.243209048877237,95.48336209645105,3.5333594011546317,21,319,Healthy
PROJ_0688,20.836300782752325,3.97111469124142,87.49370455075069,6.169410617553876,33,206,At Risk
PROJ_0339,12.733496405254424,-17.96244499776145,72.4025487867641,4.8826383626625525,11,302,At Risk
PROJ_0071,31.86667181950036,33.2039865373578,139.7332090414809,9.086275951681593,33,186,Critical
PROJ_0186,4.593971927847998,0.7426023105996548,37.11060034463694,7.570817596627074,48,128,Critical
PROJ_0675,34.56539078222977,66.77780864901939,87.13225765478457,7.20279376229642,46,293,Critical
PROJ_0244,10.688276460246323,-12.382586554949766,75.74141814775892,4.906229355739747,26,253,At Risk
PROJ_0817,6.280493736597703,55.545207260211534,109.22895927612599,7.283302819484497,44,318,At Risk
PROJ_0367,-5.577148471212874,2.3279812272169784,86.36344980609987,4.790218744804616,5,96,At Risk
PROJ_0483,-5.13025632898276,13.07341233600883,114.63707337597491,4.798881026918941,9,204,At Risk
PROJ_0886,-23.113840000292335,13.561355542387728,85.02478765084335,5.230840742824747,21,182,At Risk
PROJ_0948,18.075033920872563,-0.14517055943189214,55.826061044216424,5.300296526705055,25,159,At Risk
PROJ_0606,-3.1059267511712285,-0.026806249297778577,71.42171779447929,2.0357064449242643,38,87,Healthy
PROJ_0636,50.15900869767685,26.00863794079015,136.85795349676343,8.136395731107134,8,132,Critical
PROJ_0316,-0.029870941372142683,-0.6817786305750326,65.7811144059805,2.486422022641178,28,286,Healthy
PROJ_0653,-12.666252237196172,24.729774093581575,53.68018991694173,7.245722881646554,26,299,At Risk
PROJ_0860,-8.204018721869511,1.0721685069401554,67.76947658437966,1.6610746925919408,5,342,Healthy
PROJ_0342,12.548627174154497,5.0045213473677475,77.02650398977758,3.4791930563366784,38,188,Healthy
PROJ_0644,-0.6704405903707779,12.960751085211374,87.00331893504588,6.397839356077672,17,284,At Risk
PROJ_0991,-8.55823982196833,-0.2489483635589857,88.75488854658248,2.5785163165463665,13,75,Healthy
PROJ_0465,-4.840985886549121,5.853495566548918,73.93678797635198,4.54657917805541,46,110,At Risk
PROJ_0145,6.707244221110285,16.17686739217828,150.0,5.463213335947558,15,298,At Risk
PROJ_0006,30.608135596236078,73.29479268022402,116.73528658943866,8.137514485835215,21,331,Critical
PROJ_0892,-15.1649414550174,-7.051259801798414,84.44806396632886,1.6018400625113665,24,221,Healthy
PROJ_0764,2.545929697931305,-44.69631496420454,145.08694420570814,9.218785671362067,6,231,Critical
PROJ_0348,4.566539863438949,9.408920915290224,84.85731260134972,5.651141126798294,35,212,At Risk
PROJ_0835,-25.554069881316877,65.05876301516805,27.450492976546762,8.137095125089367,38,98,Critical
PROJ_0297,-5.717479339869505,37.52313738528568,114.24127421454563,5.854872774970569,49,251,At Risk
PROJ_0869,15.45811538099915,20.68391504184221,114.3897910841084,5.974238351369749,36,81,At Risk
PROJ_0085,15.91626522056538,49.99402785155905,104.85316405110845,7.866432587957314,25,331,Critical
PROJ_0333,44.49351345244297,-10.11276946837608,125.2007061290124,8.894253341722578,37,295,Critical
PROJ_0997,40.43706617301795,43.02152413510681,50.75103838755349,6.65324190581627,44,273,Critical
PROJ_0684,39.31071765172727,66.167798317922,150.0,7.2999697551156695,11,182,Critical
PROJ_0149,12.013184578060976,31.11205809176922,67.41862606506142,4.406897547473356,8,123,At Risk
PROJ_0633,10.66822037888213,-3.1034123502357414,74.53795302113863,1.7664508185592331,48,171,Healthy
PROJ_0628,-2.328363386953883,-0.8245155725346888,76.21704362431355,4.833702574754188,37,341,At Risk
PROJ_0582,-9.208197521532849,10.306426795267651,102.39718695877573,4.325584459381132,5,178,At Risk
PROJ_0192,17.698848485293666,4.589432669142827,75.22752061954681,4.819662519661115,38,32,At Risk
PROJ_0182,-9.965525200972202,22.19901761153205,98.38908231589792,6.46132390559064,11,208,At Risk
PROJ_0662,43.59996246308506,82.78986434912173,52.16356781625856,7.044468392906109,46,144,Critical
PROJ_0755,12.628523480756963,-18.13378287668624,69.08651229059923,7.116535685370846,17,47,At Risk
PROJ_0826,36.72871396889066,19.813871879642356,127.94997565121278,6.832606391547933,5,280,Critical
PROJ_0872,-2.4644984727206403,-23.66380847000043,81.214355890347,2.8607633130497314,21,310,Healthy
PROJ_0197,-3.5810763199110744,-9.268413316745791,98.54635804607977,3.499918416060799,8,65,Healthy
PROJ_0167,-10.450621174988234,-21.514543471247052,91.32736934224916,6.819300237176461,29,208,At Risk
PROJ_0722,-13.970643645983035,6.22823987584395,88.38318891674786,3.931612577705832,24,42,Healthy
PROJ_0026,3.484802395306499,27.21575533655081,112.53681974966061,6.480065571322777,6,172,At Risk
PROJ_0706,25.530505716278334,-16.434640936693977,22.026848729254652,9.090861923286337,5,59,Critical
PROJ_0855,13.921614752714277,-21.355931039512118,114.83817758883993,7.443753139474243,37,96,At Risk
PROJ_0858,34.02277230447034,-11.90863095749199,22.42257503648475,8.123905071799657,23,129,Critical
PROJ_0975,9.66295726265269,22.139474884849683,80.59430273061103,5.633167577506253,28,283,At Risk
PROJ_0973,26.81324689041256,-3.1259365771727445,97.471014109711,5.983813074768337,15,82,At Risk
PROJ_0097,35.45462503492239,31.045893037630186,16.742788974111075,8.158385215651766,17,303,Critical
PROJ_0907,0.44544574026307815,29.55715158842719,33.72755300368453,7.664901001826768,16,32,Critical
PROJ_0102,20.820738850475053,20.753704907710624,109.10823810767572,5.4365316249392555,5,149,At Risk
PROJ_0437,-4.5347325224073005,-5.635887484797487,78.36963314196619,1.660934090414705,12,204,Healthy
PROJ_0631,-11.242088233310565,31.487376190410828,125.70038432497223,5.790098817334642,10,311,At Risk
PROJ_0187,15.855664390892917,14.45911561353656,104.83040230069703,7.306553609754455,14,97,At Risk
PROJ_0972,-6.98983114531732,20.769045607037643,113.58167391360232,9.38554898687087,6,276,Critical
PROJ_0993,-16.374398857175027,-17.609062505274753,96.18320949416469,2.3439339082193733,41,186,Healthy
PROJ_0936,18.561024114154087,85.6589103038416,119.30513687155593,7.512079781184058,15,61,Critical
PROJ_0753,52.50403152654749,-25.62578659709128,56.748362937732104,7.961375055358323,21,326,Critical
PROJ_0665,10.098555452002502,18.014193618477194,113.06771622742383,5.102872016867519,14,288,At Risk
PROJ_0235,10.568623718794488,21.55304616954713,131.52803378195523,5.987173273084467,29,221,At Risk
PROJ_0479,-2.744767330860396,11.727724148643196,61.81276613176918,2.0430099893008444,47,332,Healthy
PROJ_0065,-7.952375775726291,-14.479100373610748,86.19941731371115,2.354786680564907,21,100,Healthy
PROJ_0523,-1.3565405526039587,-18.26535064506189,29.520469060177494,6.640314509732431,6,117,Critical
PROJ_0812,4.281470929262364,12.230611836969642,85.86629462605528,7.3752096695748115,35,262,At Risk
PROJ_0634,9.174324346589788,-4.6556591527284965,78.75144630226458,2.73085570832976,16,239,Healthy
PROJ_0932,36.31010685742416,29.92648882614226,109.46011313871546,7.510619101239582,25,256,Critical
PROJ_0943,-3.4274592662122982,-6.578147510929871,74.1597086502202,1.6552095485673148,49,80,Healthy
PROJ_0501,14.642993859939132,14.94348206886107,101.84208461806783,6.5639112396960275,7,65,At Risk
PROJ_0836,30.85454586995053,2.621442651435006,25.506278624612552,8.738792149618208,38,63,Critical
PROJ_0304,23.667283530505454,2.6691038532546263,62.16587604422221,2.9236709578917464,18,356,Healthy
PROJ_0600,37.541302737548676,45.70567763255536,132.37777658510808,8.455638228001542,25,132,Critical
PROJ_0670,1.013408095250642,14.843784331079503,59.891206141678815,7.309515218476863,48,120,At Risk
PROJ_0864,6.471843429441853,6.550199559596425,83.05342737530505,1.0428618137863235,43,100,Healthy
PROJ_0724,-9.550204155838836,-7.686878824082957,85.27490164623985,2.7406974933458383,5,319,Healthy
PROJ_0557,26.708753372092087,51.50154630485419,51.86142188350502,8.084483354500321,16,123,Critical
PROJ_0985,5.631691760836815,2.3893174883475736,78.56917430115368,1.2144150033199148,21,136,Healthy
PROJ_0111,63.68814089234115,45.91792991323259,125.6588778775886,8.693781880892981,12,141,Critical
PROJ_0374,3.760917097553795,-4.302957527201902,78.45788458788455,3.4402704643511104,26,243,Healthy
PROJ_0716,-15.832148101487522,4.117386003725675,81.86237793133535,2.3288751397493765,45,362,Healthy
PROJ_0226,42.08100804638582,32.532827435500536,47.71232287998963,6.725648859687102,43,192,Critical
PROJ_0295,8.757837400503394,-4.349560053184874,94.72116394804891,2.9959535582819377,22,324,Healthy
PROJ_0121,-4.173715298164249,-7.2850279468923365,97.40704780621925,2.132706912849197,24,121,Healthy
PROJ_0691,42.892126894565344,-21.65937644322944,106.59946554816305,5.3398412988458555,38,96,At Risk
PROJ_0068,10.589711491033214,52.60169802190179,125.86505335428622,6.798641681720726,47,52,Critical
PROJ_0458,15.55213697879974,23.95978147155792,108.1970268173114,4.014480106923641,20,155,At Risk
PROJ_0017,5.1529898560217084,9.790621396638036,74.3318510645858,2.1438624955208008,43,44,Healthy
PROJ_0791,43.82577593182509,35.878995384554635,28.114466662389816,6.6651488015650395,10,247,Critical
PROJ_0601,14.017112325959882,27.584572130685082,120.42704395546802,4.8893310613281065,9,149,At Risk
PROJ_0757,7.863973177761602,18.01916333843505,98.31282277174842,5.383775443794185,42,295,At Risk
PROJ_0998,-7.394992291545224,1.400243401788261,127.43232215397718,4.972169254875414,33,113,At Risk
PROJ_0738,23.15494515385997,26.029200426416033,59.46892827157204,6.8900971923324335,25,303,At Risk
PROJ_0773,27.96900852564641,-15.765389036588473,37.57846245644315,7.792726345262644,7,362,Critical
PROJ_0132,18.478397750392837,17.46931625677893,76.5874393905211,7.013299102827889,41,130,At Risk
PROJ_0834,-14.819765763044384,12.214092171164234,69.33201705471681,6.880252596704868,39,128,At Risk
PROJ_0422,-6.232933241124151,2.9888916050406293,67.494288443842,1.0009603684663393,42,146,Healthy
PROJ_0418,-13.562695448023932,13.730698098698609,95.87441060895345,3.6848284925255848,42,347,Healthy
PROJ_0045,-16.288782074179828,18.334317817870073,91.6454669696645,2.967071710529293,49,113,Healthy
PROJ_0314,-2.5949534354029358,2.4778878310554964,75.78894066472986,2.7942294868602726,45,272,Healthy
PROJ_0196,-8.373837811820803,-24.578960246124932,120.90588035154383,7.400358159188186,29,274,At Risk
PROJ_0762,11.875914380094132,15.803945357467507,111.93428575830634,6.117022562830179,40,128,At Risk
PROJ_0787,38.345818725726176,33.2233773968439,19.383892763661585,9.438136130000075,7,212,Critical
PROJ_0739,22.399795232183603,54.524216270282714,84.90743193300108,5.476370406204567,33,353,At Risk
PROJ_0245,4.253585837854178,30.8906806852293,105.55558715245382,8.817074651736602,44,42,Critical
PROJ_0567,29.9532128042188,18.661801303210876,79.18833777252192,6.677241164209097,45,38,At Risk
PROJ_0885,29.716866001766256,48.48140911401585,40.971319759108745,7.982818327964555,36,354,Critical
PROJ_0117,12.262159124997812,-16.46051063110246,89.57802285382105,1.018919158633924,19,70,Healthy
PROJ_0543,11.504898635914085,58.31251486966342,86.37423938003278,7.439801434015516,47,212,At Risk
PROJ_0846,13.05105335699256,2.185431211542378,84.02257887619237,5.649601429089323,21,88,At Risk
PROJ_0929,-2.2260369936831217,41.13510817181011,61.73050496977994,8.465301841740377,9,301,Critical
PROJ_0146,8.62961895039839,-0.13753794811637285,76.41070750442559,1.4631799402361663,22,204,Healthy
PROJ_0963,-0.8149144184251518,42.11886118561884,116.88765981546415,7.995973372765249,29,298,Critical
PROJ_0462,-8.513357930358607,-3.5121019568449103,71.63856212330631,2.360436923851969,31,173,Healthy
PROJ_0445,29.756558551109084,-10.180927889110814,30.312854456275666,7.629715312751305,47,85,Critical
PROJ_0248,19.85541834773914,17.69158447795946,72.11751910065684,6.723059107760994,8,50,At Risk
PROJ_0224,-32.54210979587653,41.07391721184957,40.22087938110545,7.519898362808366,11,359,Critical
PROJ_0276,11.725670900201946,-48.92039208617513,124.72137161652262,8.60124571351232,34,170,Critical
PROJ_0572,9.25739437987566,4.595678541044697,55.28447789031695,3.047230163731981,5,69,Healthy
PROJ_0951,28.315522238763332,26.890525186124382,110.83857647509909,6.780548454905456,15,348,At Risk
PROJ_0539,24.53051740868784,23.499155606683388,33.504045446304964,9.23763710102789,9,83,Critical
PROJ_0825,-20.68589932527207,21.688392870450492,136.85090662887512,7.276714095649674,41,95,Critical
PROJ_0750,37.767836524187864,42.23440560586721,61.90522473119733,7.538872192632207,46,232,Critical
PROJ_0217,11.255584573038464,32.895822180228535,91.80757463083141,7.001975533206685,25,360,At Risk
PROJ_0528,11.479755087010119,0.6446002037697086,61.842077249453084,5.041773387406106,5,239,At Risk
PROJ_0911,-4.435781226948186,-7.726653591539939,104.33933832514018,4.1663531793867445,47,161,At Risk
PROJ_0702,13.750267705836917,32.136594208847896,103.15648428033708,5.0577211017476875,41,51,At Risk
PROJ_0042,1.8527814975171282,4.965403926776547,62.0006040245588,1.2506067522479392,19,31,Healthy
PROJ_0435,11.495421624268305,-10.666313240549611,84.23516445286107,5.947032034655825,42,223,At Risk
PROJ_0129,38.90422932681807,41.432981087462466,48.09208686476721,7.63289616450993,19,137,Critical
PROJ_0015,42.928542259057664,20.578902627015502,117.74588051312645,9.133777824547934,17,182,Critical
PROJ_0856,23.596773890648365,30.372246992619466,45.52783328429214,7.254412115398828,9,127,Critical
PROJ_0277,27.68303635251465,5.068579144002364,88.0234377152971,5.572973978514296,26,131,At Risk
PROJ_0667,-0.8907118995116219,-17.571285706633972,77.62718947802819,3.313582613167845,18,324,Healthy
PROJ_0447,-1.4472180868032152,-0.1486952900456859,69.8193651462644,3.7399838313074087,44,252,Healthy
PROJ_0713,21.24688270722608,29.95818469003231,118.0424762050719,6.759139989522475,17,302,Critical
PROJ_0331,17.364708379860655,25.312865539794338,87.32331052629786,6.8930572153363885,38,121,At Risk
PROJ_0940,-1.8879495549272332,8.717022733159743,86.22470880874627,3.5134183067313227,36,204,Healthy
PROJ_0231,55.15627038833128,39.722552671639136,128.39357920638167,8.08700684164709,44,342,Critical
PROJ_0317,35.023419371066936,55.49512308381239,109.1722347964187,5.408261314823607,31,35,At Risk
PROJ_0283,13.9019980427484,17.18976584916831,87.21298831134798,4.010000344500949,48,145,At Risk
PROJ_0516,7.089013714400003,0.21069030754452084,84.75925873984409,2.321262215438356,49,247,Healthy
PROJ_0672,18.263730032945276,23.986776058512035,97.15502452853148,5.752172403254914,38,187,At Risk
PROJ_0910,-0.37446419887782084,0.6942908064398319,91.25632155974685,3.6867325032198517,21,157,Healthy
PROJ_0875,30.191340839626523,31.39551819220288,34.85834023047515,6.847764971115477,39,333,Critical
PROJ_0815,38.31743818725336,15.536097670103679,123.60462409712788,6.428649525835934,23,64,At Risk
PROJ_0775,6.421889456467681,-3.439598158267563,70.50518128003594,3.1362532813584556,14,75,Healthy
PROJ_0315,5.057493117338879,-12.23055069411036,75.6940030565981,2.6098797830128726,11,130,Healthy
PROJ_0590,22.456576651521175,30.081821475560336,79.70579070587974,5.599065454991132,40,145,At Risk
PROJ_0480,3.4773612317732434,26.767948100946086,114.05853236889253,8.988207515295576,17,55,Critical
PROJ_0941,-6.116393334114369,26.699819534812555,19.065481372469794,8.35380755644021,31,265,Critical
PROJ_0214,-0.7850671458646044,-13.109524311606478,57.361121060329076,6.653470533288771,21,71,At Risk
PROJ_0831,34.673902083048674,28.037865175372275,110.19482290754613,7.321970614415248,10,228,Critical
PROJ_0990,12.895651931214273,-4.275907005075804,95.28458805274047,7.062315604537832,46,137,At Risk
PROJ_0502,8.334155603969108,-6.390844078314761,82.16305774217273,2.4931213711952074,41,353,Healthy
PROJ_0487,36.403376258246865,31.66285292729748,105.45126413536575,9.392980688180224,29,327,Critical
PROJ_1000,-7.3861790128980775,6.5170882005663255,85.81569560508166,3.069971286704005,42,196,Healthy
PROJ_0057,13.452808717411852,9.280541811914935,106.95186168707843,4.742848834622189,26,104,At Risk
PROJ_0774,-8.622898351928203,5.316807126411143,89.12699996602441,7.452395407936922,17,259,At Risk
PROJ_0024,27.394256947461912,48.27897957366737,64.51464362368594,6.7995775746999305,18,44,Critical
PROJ_0944,4.561025330292159,-4.173651319861528,84.5958601262349,1.8225677605010913,8,68,Healthy
PROJ_0185,-9.591732387089966,-4.218857058584063,67.12693709110145,3.268832025141468,25,53,Healthy
PROJ_0509,41.039966205629675,-10.169492585730506,47.37243643978774,8.365931358683138,26,61,Critical
PROJ_0758,1.0994286733473886,-6.532226092376956,78.77500147855886,2.6072029516418036,9,71,Healthy
PROJ_0220,-6.461813943478094,3.7107296462550976,89.18942571890705,3.0153238720959603,20,322,Healthy
PROJ_0432,-9.86403378291717,3.7113657773810647,87.10477901077452,3.2253073605661027,24,206,Healthy
PROJ_0018,28.852052230959625,46.40465316411791,39.70685506997945,8.089332537884413,19,76,Critical
PROJ_0824,37.41219090489597,32.129553594423754,121.28761398651095,9.092905502088321,7,180,Critical
PROJ_0742,66.91647700305421,21.479319248821323,34.6357531841774,7.285055698821598,41,346,Critical
PROJ_0551,2.6853267777268504,1.056180780003745,90.32249816958385,2.530755587823343,46,358,Healthy
PROJ_0365,10.589604252186422,9.602929827807111,110.83057128214925,7.321792111846784,35,202,At Risk
PROJ_0280,24.342012833245377,5.404008206790978,128.36364080482136,7.273114770568289,46,294,Critical
PROJ_0818,15.810263166713781,-20.580475607890413,62.00057153259246,5.109554284586478,29,86,At Risk
PROJ_0901,3.3375199145632783,22.35937085106456,38.00509038281919,8.205271558441911,9,163,Critical
PROJ_0087,-4.048736477699732,8.207550295758832,76.52435126126693,2.6345684456411527,39,220,Healthy
PROJ_0822,9.823567460998849,45.03507584708597,115.14469827086944,4.7445225310309675,14,225,At Risk
PROJ_0603,14.064374429479376,-29.049161418414123,106.92552841175423,5.578548755179876,16,164,At Risk
PROJ_0062,-10.291307499532284,10.657713074497305,84.7111242966125,7.392966598272324,17,317,At Risk
PROJ_0586,42.4348242682463,-13.449582962742351,43.68124495289806,9.499732170617474,34,73,Critical
PROJ_0816,13.795767934874153,-3.4445494869873103,111.77208864980926,6.498495719156457,22,92,At Risk
PROJ_0642,26.482947575443315,63.313322121377006,119.88940737312707,7.7464452356217,30,236,Critical
PROJ_0699,-8.639411880881958,-11.200588991262324,94.5774923003228,3.9171170601656886,5,47,Healthy
